ImageId,PredictedLabel,TrueLabel
1,19,19
2,6,6
3,10,10
4,6,6
5,15,15
6,32,32
7,22,22
8,13,13
9,34,34
10,26,26
11,11,11
12,19,19
13,25,25
14,25,25
15,15,15
16,12,12
17,15,15
18,32,32
19,11,11
20,5,5
21,23,23
22,12,12
23,21,21
24,31,31
25,3,3
26,34,34
27,11,11
28,9,9
29,10,10
30,13,13
31,24,24
32,17,17
33,5,5
34,30,30
35,14,14
36,9,9
37,33,33
38,4,4
39,30,30
40,28,28
41,12,12
42,23,23
43,20,20
44,11,11
45,31,31
46,26,26
47,3,3
48,24,24
49,12,12
50,24,24
51,28,28
52,4,4
53,26,26
54,13,13
55,29,29
56,30,30
57,32,32
58,24,24
59,27,27
60,13,13
61,27,27
62,9,9
63,7,7
64,20,20
65,13,13
66,22,22
67,15,15
68,10,10
69,15,15
70,11,11
71,9,9
72,34,34
73,22,22
74,20,20
75,24,24
76,0,0
77,28,28
78,17,17
79,31,31
80,29,29
81,27,27
82,9,9
83,13,13
84,6,6
85,22,22
86,3,3
87,31,31
88,32,32
89,9,9
90,5,5
91,9,9
92,5,5
93,18,18
94,0,0
95,32,32
96,14,14
97,21,21
98,1,1
99,0,0
100,31,31
101,22,22
102,15,15
103,8,8
104,8,8
105,32,32
106,22,22
107,13,13
108,10,10
109,3,3
110,32,32
111,26,26
112,28,28
113,33,33
114,13,13
115,7,7
116,11,11
117,20,20
118,3,3
119,14,14
120,4,4
121,13,13
122,4,4
123,31,31
124,8,8
125,9,9
126,11,11
127,28,28
128,8,8
129,31,31
130,26,26
131,25,25
132,5,5
133,6,6
134,20,20
135,34,34
136,29,29
137,18,18
138,3,3
139,12,12
140,20,20
141,34,34
142,13,13
143,12,12
144,0,0
145,13,13
146,4,4
147,34,34
148,19,19
149,28,28
150,30,30
151,20,20
152,25,25
153,24,24
154,8,8
155,1,1
156,25,25
157,12,12
158,25,25
159,16,16
160,19,19
161,11,11
162,32,32
163,2,2
164,28,28
165,6,6
166,7,7
167,27,27
168,26,26
169,3,3
170,26,26
171,34,34
172,5,5
173,24,24
174,11,11
175,5,5
176,3,3
177,28,28
178,4,4
179,8,8
180,28,28
181,28,28
182,21,21
183,28,28
184,32,32
185,12,12
186,21,21
187,25,25
188,26,26
189,9,9
190,5,5
191,33,33
192,3,3
193,14,14
194,27,27
195,10,10
196,5,5
197,26,26
198,27,27
199,12,12
200,7,7
201,10,10
202,7,7
203,18,18
204,4,4
205,16,16
206,24,24
207,9,9
208,25,25
209,5,5
210,8,8
211,9,9
212,23,23
213,14,14
214,18,18
215,31,31
216,14,14
217,19,19
218,2,2
219,19,19
220,4,4
221,0,0
222,2,2
223,6,6
224,11,11
225,7,7
226,34,34
227,19,19
228,22,22
229,19,19
230,30,30
231,10,10
232,22,22
233,1,1
234,6,6
235,22,22
236,25,25
237,29,29
238,33,33
239,6,6
240,1,1
241,24,24
242,31,31
243,30,30
244,15,15
245,0,0
246,4,4
247,11,11
248,11,11
249,4,4
250,20,20
251,15,15
252,21,21
253,12,12
254,1,1
255,18,18
256,19,19
257,20,20
258,21,21
259,34,34
260,7,7
261,34,34
262,5,5
263,15,15
264,0,0
265,27,27
266,9,9
267,26,26
268,10,10
269,5,5
270,12,12
271,2,2
272,14,14
273,6,6
274,24,24
275,5,5
276,16,16
277,20,20
278,25,25
279,15,15
280,16,16
281,0,0
282,29,29
283,31,31
284,3,3
285,29,29
286,33,33
287,23,23
288,3,3
289,21,21
290,22,22
291,15,15
292,4,4
293,9,9
294,29,29
295,22,22
296,27,27
297,13,13
298,16,16
299,15,15
300,17,17
301,17,17
302,28,28
303,32,32
304,1,1
305,28,28
306,19,19
307,24,24
308,20,20
309,1,1
310,12,12
311,6,6
312,24,24
313,9,9
314,28,28
315,34,34
316,16,16
317,5,5
318,6,6
319,13,13
320,19,19
321,14,14
322,33,33
323,3,3
324,0,0
325,2,2
326,1,1
327,27,27
328,17,17
329,2,2
330,32,32
331,26,26
332,17,17
333,34,34
334,12,12
335,16,16
336,22,22
337,25,25
338,26,26
339,27,27
340,16,16
341,26,26
342,28,28
343,3,3
344,4,4
345,32,32
346,23,23
347,29,29
348,7,7
349,16,16
350,28,28
351,1,1
352,26,26
353,32,32
354,5,5
355,14,14
356,1,1
357,18,18
358,18,18
359,30,30
360,21,21
361,11,11
362,6,6
363,3,3
364,34,34
365,22,22
366,31,31
367,24,24
368,29,29
369,16,16
370,33,33
371,27,27
372,28,28
373,30,30
374,14,14
375,16,16
376,18,18
377,12,12
378,23,23
379,5,5
380,11,11
381,3,3
382,7,7
383,12,12
384,20,20
385,22,22
386,13,13
387,33,33
388,3,3
389,25,25
390,29,29
391,21,21
392,6,6
393,22,22
394,13,13
395,22,22
396,3,3
397,22,22
398,13,13
399,15,15
400,4,4
401,9,9
402,23,23
403,16,16
404,32,32
405,23,23
406,28,28
407,25,25
408,18,18
409,20,20
410,29,29
411,34,34
412,15,15
413,7,7
414,14,14
415,7,7
416,17,17
417,7,7
418,12,12
419,2,2
420,32,32
421,12,12
422,3,3
423,14,14
424,25,25
425,7,7
426,17,17
427,30,30
428,10,10
429,20,20
430,19,19
431,4,4
432,14,14
433,22,22
434,21,21
435,27,27
436,19,19
437,26,26
438,7,7
439,15,15
440,29,29
441,18,18
442,31,31
443,7,7
444,33,33
445,9,9
446,14,14
447,7,7
448,10,10
449,6,6
450,26,26
451,29,29
452,27,27
453,12,12
454,9,9
455,3,3
456,19,19
457,21,21
458,32,32
459,14,14
460,10,10
461,22,22
462,26,26
463,34,34
464,11,11
465,5,5
466,21,21
467,5,5
468,26,26
469,3,3
470,10,10
471,16,16
472,5,5
473,5,5
474,7,7
475,4,4
476,19,19
477,16,16
478,25,25
479,12,12
480,0,0
481,12,12
482,24,24
483,21,21
484,31,31
485,15,15
486,5,5
487,32,32
488,0,0
489,32,32
490,8,8
491,13,13
492,3,3
493,20,20
494,8,8
495,9,9
496,16,16
497,18,18
498,0,0
499,20,20
500,24,24
501,2,2
502,31,31
503,22,22
504,10,10
505,10,10
506,28,28
507,22,22
508,23,23
509,21,21
510,34,34
511,13,13
512,11,11
513,20,20
514,19,19
515,17,17
516,24,24
517,3,3
518,6,6
519,23,23
520,14,14
521,28,28
522,26,26
523,4,4
524,8,8
525,0,0
526,13,13
527,12,12
528,27,27
529,21,21
530,33,33
531,5,5
532,25,25
533,19,19
534,0,0
535,27,27
536,22,22
537,4,4
538,32,32
539,21,21
540,24,24
541,22,22
542,1,1
543,29,29
544,11,11
545,2,2
546,3,3
547,30,30
548,22,22
549,7,7
550,2,2
551,32,32
552,33,33
553,11,11
554,2,2
555,15,15
556,1,1
557,32,32
558,26,26
559,8,8
560,25,25
561,32,32
562,2,2
563,17,17
564,30,30
565,7,7
566,12,12
567,0,0
568,30,30
569,22,22
570,31,31
571,1,1
572,22,22
573,21,21
574,10,10
575,15,15
576,16,16
577,15,15
578,34,34
579,33,33
580,6,6
581,12,12
582,27,27
583,27,27
584,12,12
585,14,14
586,9,9
587,0,0
588,34,34
589,25,25
590,29,29
591,4,4
592,2,2
593,25,25
594,15,15
595,26,26
596,0,0
597,31,31
598,22,22
599,22,22
600,33,33
601,9,9
602,11,11
603,27,27
604,4,4
605,34,34
606,21,21
607,18,18
608,9,9
609,26,26
610,22,22
611,29,29
612,24,24
613,1,1
614,1,1
615,33,33
616,24,24
617,8,8
618,6,6
619,24,24
620,33,33
621,29,29
622,15,15
623,33,33
624,5,5
625,19,19
626,33,33
627,0,0
628,33,33
629,0,0
630,19,19
631,12,12
632,22,22
633,0,0
634,7,7
635,7,7
636,25,25
637,14,14
638,28,28
639,10,10
640,1,1
641,22,22
642,33,33
643,12,12
644,6,6
645,7,7
646,3,3
647,4,4
648,31,31
649,34,34
650,2,2
651,29,29
652,4,4
653,3,3
654,14,14
655,20,20
656,22,22
657,11,11
658,32,32
659,31,31
660,13,13
661,23,23
662,21,21
663,6,6
664,34,34
665,2,2
666,3,3
667,26,26
668,33,33
669,26,26
670,4,4
671,25,25
672,19,19
673,30,30
674,14,14
675,21,21
676,1,1
677,29,29
678,31,31
679,34,34
680,18,18
681,1,1
682,27,27
683,2,2
684,20,20
685,27,27
686,27,27
687,32,32
688,13,13
689,6,6
690,13,13
691,31,31
692,30,30
693,24,24
694,22,22
695,30,30
696,15,15
697,17,17
698,7,7
699,27,27
700,17,17
701,23,23
702,8,8
703,18,18
704,4,4
705,14,14
706,30,30
707,9,9
708,14,14
709,10,10
710,14,14
711,10,10
712,31,31
713,7,7
714,25,25
715,3,3
716,24,24
717,29,29
718,20,20
719,5,5
720,7,7
721,32,32
722,32,32
723,22,22
724,9,9
725,30,30
726,34,34
727,0,0
728,14,14
729,18,18
730,18,18
731,18,18
732,2,2
733,20,20
734,34,34
735,23,23
736,11,11
737,17,17
738,33,33
739,10,10
740,22,22
741,7,7
742,7,7
743,24,24
744,29,29
745,32,32
746,31,31
747,25,25
748,12,12
749,0,0
750,15,15
751,8,8
752,6,6
753,26,26
754,10,10
755,28,28
756,4,4
757,31,31
758,23,23
759,1,1
760,12,12
761,1,1
762,26,26
763,6,6
764,6,6
765,8,8
766,23,23
767,25,25
768,23,23
769,19,19
770,17,17
771,32,32
772,12,12
773,25,25
774,19,19
775,4,4
776,28,28
777,8,8
778,6,6
779,13,13
780,8,8
781,23,23
782,29,29
783,8,8
784,10,10
785,27,27
786,23,23
787,1,1
788,18,18
789,0,0
790,9,9
791,29,29
792,15,15
793,14,14
794,2,2
795,2,2
796,30,30
797,20,20
798,14,14
799,18,18
800,0,0
801,17,17
802,4,4
803,28,28
804,22,22
805,17,17
806,3,3
807,33,33
808,2,2
809,8,8
810,11,11
811,30,30
812,28,28
813,11,11
814,20,20
815,34,34
816,5,5
817,18,18
818,14,14
819,25,25
820,15,15
821,34,34
822,7,7
823,25,25
824,22,22
825,11,11
826,9,9
827,1,1
828,21,21
829,31,31
830,26,26
831,0,0
832,15,15
833,1,1
834,3,3
835,3,3
836,5,5
837,14,14
838,23,23
839,33,33
840,9,9
841,28,28
842,0,0
843,26,26
844,6,6
845,18,18
846,14,14
847,29,29
848,31,31
849,3,3
850,18,18
851,31,31
852,11,11
853,4,4
854,1,1
855,4,4
856,22,22
857,1,1
858,29,29
859,9,9
860,28,28
861,21,21
862,9,9
863,9,9
864,1,1
865,14,14
866,12,12
867,29,29
868,23,23
869,33,33
870,23,23
871,6,6
872,30,30
873,20,20
874,4,4
875,27,27
876,19,19
877,31,31
878,1,1
879,2,2
880,0,0
881,12,12
882,20,20
883,6,6
884,14,14
885,23,23
886,12,12
887,16,16
888,2,2
889,14,14
890,12,12
891,33,33
892,9,9
893,12,12
894,34,34
895,16,16
896,27,27
897,18,18
898,10,10
899,4,4
900,22,22
901,29,29
902,32,32
903,18,18
904,21,21
905,26,26
906,20,20
907,32,32
908,23,23
909,18,18
910,8,8
911,33,33
912,34,34
913,12,12
914,11,11
915,21,21
916,13,13
917,9,9
918,28,28
919,15,15
920,0,0
921,22,22
922,17,17
923,1,1
924,33,33
925,3,3
926,34,34
927,21,21
928,21,21
929,31,31
930,0,0
931,23,23
932,17,17
933,18,18
934,7,7
935,33,33
936,34,34
937,28,28
938,0,0
939,17,17
940,27,27
941,11,11
942,6,6
943,21,21
944,6,6
945,19,19
946,25,25
947,20,20
948,28,28
949,11,11
950,7,7
951,23,23
952,29,29
953,6,6
954,4,4
955,18,18
956,30,30
957,31,31
958,11,11
959,6,6
960,14,14
961,11,11
962,29,29
963,1,1
964,21,21
965,19,19
966,12,12
967,11,11
968,13,13
969,25,25
970,18,18
971,29,29
972,28,28
973,16,16
974,26,26
975,25,25
976,11,11
977,20,20
978,8,8
979,0,0
980,28,28
981,1,1
982,8,8
983,8,8
984,19,19
985,26,26
986,19,19
987,13,13
988,31,31
989,28,28
990,21,21
991,14,14
992,16,16
993,9,9
994,34,34
995,24,24
996,4,4
997,1,1
998,14,14
999,16,16
1000,12,12
1001,12,12
1002,6,6
1003,14,14
1004,19,19
1005,34,34
1006,31,31
1007,26,26
1008,14,14
1009,16,16
1010,12,12
1011,31,31
1012,34,34
1013,32,32
1014,24,24
1015,24,24
1016,27,27
1017,25,25
1018,7,7
1019,9,9
1020,25,25
1021,3,3
1022,2,2
1023,2,2
1024,20,20
1025,32,32
1026,33,33
1027,20,20
1028,19,19
1029,19,19
1030,7,7
1031,12,12
1032,11,11
1033,21,21
1034,10,10
1035,13,13
1036,17,17
1037,3,3
1038,22,22
1039,16,16
1040,20,20
1041,0,0
1042,1,1
1043,25,25
1044,33,33
1045,34,34
1046,32,32
1047,2,2
1048,21,21
1049,4,4
1050,32,32
1051,3,3
1052,18,18
1053,6,6
1054,17,17
1055,30,30
1056,18,18
1057,20,20
1058,24,24
1059,12,12
1060,2,2
1061,0,0
1062,10,10
1063,18,18
1064,31,31
1065,10,10
1066,15,15
1067,32,32
1068,22,22
1069,23,23
1070,32,32
1071,6,6
1072,27,27
1073,15,15
1074,20,20
1075,14,14
1076,16,16
1077,21,21
1078,19,19
1079,33,33
1080,27,27
1081,31,31
1082,24,24
1083,10,10
1084,16,16
1085,32,32
1086,27,27
1087,0,0
1088,19,19
1089,32,32
1090,26,26
1091,15,15
1092,1,1
1093,13,13
1094,28,28
1095,17,17
1096,15,15
1097,0,0
1098,16,16
1099,4,4
1100,14,14
1101,7,7
1102,28,28
1103,1,1
1104,13,13
1105,11,11
1106,19,19
1107,34,34
1108,31,31
1109,14,14
1110,8,8
1111,13,13
1112,16,16
1113,6,6
1114,12,12
1115,28,28
1116,20,20
1117,11,11
1118,4,4
1119,20,20
1120,16,16
1121,17,17
1122,1,1
1123,11,11
1124,27,27
1125,15,15
1126,25,25
1127,20,20
1128,34,34
1129,19,19
1130,6,6
1131,8,8
1132,30,30
1133,3,3
1134,33,33
1135,2,2
1136,31,31
1137,8,8
1138,28,28
1139,22,22
1140,30,30
1141,4,4
1142,7,7
1143,6,6
1144,9,9
1145,24,24
1146,5,5
1147,18,18
1148,26,26
1149,28,28
1150,24,24
1151,6,6
1152,2,2
1153,1,1
1154,20,20
1155,2,2
1156,28,28
1157,4,4
1158,25,25
1159,20,20
1160,11,11
1161,12,12
1162,29,29
1163,25,25
1164,34,34
1165,3,3
1166,9,9
1167,17,17
1168,30,30
1169,0,0
1170,1,1
1171,24,24
1172,0,0
1173,13,13
1174,5,5
1175,2,2
1176,20,20
1177,28,28
1178,27,27
1179,21,21
1180,18,18
1181,16,16
1182,7,7
1183,3,3
1184,27,27
1185,8,8
1186,3,3
1187,4,4
1188,32,32
1189,0,0
1190,17,17
1191,31,31
1192,12,12
1193,3,3
1194,0,0
1195,31,31
1196,27,27
1197,1,1
1198,26,26
1199,15,15
1200,24,24
1201,22,22
1202,9,9
1203,18,18
1204,9,9
1205,6,6
1206,21,21
1207,0,0
1208,7,7
1209,17,17
1210,33,33
1211,16,16
1212,5,5
1213,18,18
1214,22,22
1215,13,13
1216,30,30
1217,9,9
1218,3,3
1219,26,26
1220,25,25
1221,26,26
1222,26,26
1223,8,8
1224,2,2
1225,24,24
1226,33,33
1227,19,19
1228,12,12
1229,19,19
1230,20,20
1231,20,20
1232,12,12
1233,24,24
1234,1,1
1235,18,18
1236,21,21
1237,9,9
1238,28,28
1239,1,1
1240,20,20
1241,20,20
1242,25,25
1243,6,6
1244,19,19
1245,34,34
1246,34,34
1247,12,12
1248,19,19
1249,27,27
1250,26,26
1251,6,6
1252,4,4
1253,9,9
1254,34,34
1255,28,28
1256,5,5
1257,8,8
1258,28,28
1259,32,32
1260,17,17
1261,16,16
1262,12,12
1263,22,22
1264,29,29
1265,33,33
1266,26,26
1267,19,19
1268,22,22
1269,17,17
1270,7,7
1271,32,32
1272,22,22
1273,16,16
1274,21,21
1275,29,29
1276,30,30
1277,14,14
1278,11,11
1279,2,2
1280,17,17
1281,12,12
1282,23,23
1283,9,9
1284,5,5
1285,13,13
1286,15,15
1287,23,23
1288,33,33
1289,3,3
1290,29,29
1291,3,3
1292,24,24
1293,29,29
1294,9,9
1295,19,19
1296,0,0
1297,34,34
1298,3,3
1299,27,27
1300,14,14
1301,5,5
1302,33,33
1303,11,11
1304,1,1
1305,14,14
1306,23,23
1307,20,20
1308,12,12
1309,33,33
1310,20,20
1311,25,25
1312,30,30
1313,3,3
1314,18,18
1315,19,19
1316,15,15
1317,21,21
1318,1,1
1319,5,5
1320,22,22
1321,5,5
1322,13,13
1323,12,12
1324,4,4
1325,22,22
1326,29,29
1327,20,20
1328,9,9
1329,0,0
1330,21,21
1331,30,30
1332,4,4
1333,25,25
1334,29,29
1335,11,11
1336,13,13
1337,32,32
1338,19,19
1339,13,13
1340,18,18
1341,30,30
1342,31,31
1343,32,32
1344,8,8
1345,3,3
1346,11,11
1347,11,11
1348,11,11
1349,4,4
1350,18,18
1351,3,3
1352,32,32
1353,4,4
1354,33,33
1355,20,20
1356,1,1
1357,16,16
1358,13,13
1359,22,22
1360,11,11
1361,25,25
1362,7,7
1363,21,21
1364,4,4
1365,28,28
1366,9,9
1367,19,19
1368,11,11
1369,13,13
1370,12,12
1371,29,29
1372,5,5
1373,34,34
1374,31,31
1375,25,25
1376,16,16
1377,19,19
1378,3,3
1379,25,25
1380,12,12
1381,32,32
1382,27,27
1383,2,2
1384,16,16
1385,8,8
1386,10,10
1387,4,4
1388,27,27
1389,7,7
1390,31,31
1391,22,22
1392,27,27
1393,5,5
1394,18,18
1395,32,32
1396,31,31
1397,10,10
1398,24,24
1399,32,32
1400,11,11
1401,1,1
1402,12,12
1403,4,4
1404,19,19
1405,32,32
1406,19,19
1407,10,10
1408,4,4
1409,22,22
1410,13,13
1411,27,27
1412,10,10
1413,12,12
1414,0,0
1415,24,24
1416,10,10
1417,21,21
1418,25,25
1419,26,26
1420,11,11
1421,5,5
1422,15,15
1423,6,6
1424,11,11
1425,26,26
1426,27,27
1427,20,20
1428,31,31
1429,3,3
1430,2,2
1431,7,7
1432,25,25
1433,29,29
1434,0,0
1435,14,14
1436,26,26
1437,31,31
1438,3,3
1439,33,33
1440,5,5
1441,15,15
1442,8,8
1443,31,31
1444,4,4
1445,1,1
1446,18,18
1447,30,30
1448,24,24
1449,0,0
1450,27,27
1451,17,17
1452,19,19
1453,6,6
1454,18,18
1455,15,15
1456,24,24
1457,31,31
1458,26,26
1459,1,1
1460,30,30
1461,29,29
1462,15,15
1463,20,20
1464,3,3
1465,6,6
1466,20,20
1467,30,30
1468,26,26
1469,15,15
1470,31,31
1471,20,20
1472,27,27
1473,30,30
1474,23,23
1475,24,24
1476,16,16
1477,6,6
1478,32,32
1479,3,3
1480,33,33
1481,20,20
1482,25,25
1483,5,5
1484,0,0
1485,14,14
1486,22,22
1487,18,18
1488,12,12
1489,12,12
1490,26,26
1491,27,27
1492,22,22
1493,1,1
1494,24,24
1495,17,17
1496,17,17
1497,28,28
1498,24,24
1499,29,29
1500,28,28
1501,8,8
1502,16,16
1503,1,1
1504,28,28
1505,33,33
1506,34,34
1507,19,19
1508,9,9
1509,11,11
1510,4,4
1511,26,26
1512,9,9
1513,19,19
1514,5,5
1515,34,34
1516,7,7
1517,25,25
1518,8,8
1519,28,28
1520,31,31
1521,30,30
1522,6,6
1523,2,2
1524,32,32
1525,33,33
1526,11,11
1527,15,15
1528,23,23
1529,14,14
1530,17,17
1531,0,0
1532,12,12
1533,17,17
1534,4,4
1535,28,28
1536,31,31
1537,20,20
1538,8,8
1539,24,24
1540,14,14
1541,32,32
1542,10,10
1543,10,10
1544,13,13
1545,9,9
1546,2,2
1547,22,22
1548,17,17
1549,29,29
1550,12,12
1551,30,30
1552,26,26
1553,21,21
1554,7,7
1555,6,6
1556,29,29
1557,32,32
1558,12,12
1559,3,3
1560,11,11
1561,22,22
1562,30,30
1563,12,12
1564,32,32
1565,32,32
1566,1,1
1567,22,22
1568,16,16
1569,20,20
1570,6,6
1571,8,8
1572,30,30
1573,22,22
1574,10,10
1575,8,8
1576,27,27
1577,2,2
1578,31,31
1579,21,21
1580,24,24
1581,17,17
1582,2,2
1583,18,18
1584,0,0
1585,8,8
1586,22,22
1587,24,24
1588,32,32
1589,25,25
1590,10,10
1591,32,32
1592,20,20
1593,10,10
1594,18,18
1595,10,10
1596,4,4
1597,27,27
1598,14,14
1599,4,4
1600,29,29
1601,30,30
1602,21,21
1603,12,12
1604,27,27
1605,21,21
1606,24,24
1607,8,8
1608,12,12
1609,25,25
1610,14,14
1611,3,3
1612,23,23
1613,30,30
1614,26,26
1615,32,32
1616,26,26
1617,21,21
1618,33,33
1619,15,15
1620,5,5
1621,18,18
1622,3,3
1623,16,16
1624,8,8
1625,5,5
1626,22,22
1627,23,23
1628,8,8
1629,23,23
1630,14,14
1631,25,25
1632,2,2
1633,30,30
1634,2,2
1635,7,7
1636,30,30
1637,15,15
1638,16,16
1639,8,8
1640,1,1
1641,32,32
1642,9,9
1643,12,12
1644,6,6
1645,34,34
1646,23,23
1647,22,22
1648,24,24
1649,11,11
1650,18,18
1651,1,1
1652,24,24
1653,33,33
1654,21,21
1655,3,3
1656,4,4
1657,25,25
1658,25,25
1659,29,29
1660,3,3
1661,24,24
1662,7,7
1663,14,14
1664,6,6
1665,20,20
1666,30,30
1667,13,13
1668,31,31
1669,7,7
1670,22,22
1671,14,14
1672,12,12
1673,27,27
1674,9,9
1675,18,18
1676,3,3
1677,21,21
1678,7,7
1679,10,10
1680,30,30
1681,31,31
1682,22,22
1683,28,28
1684,30,30
1685,16,16
1686,11,11
1687,29,29
1688,7,7
1689,7,7
1690,15,15
1691,33,33
1692,21,21
1693,34,34
1694,34,34
1695,34,34
1696,19,19
1697,27,27
1698,13,13
1699,10,10
1700,34,34
1701,1,1
1702,13,13
1703,22,22
1704,6,6
1705,29,29
1706,23,23
1707,5,5
1708,3,3
1709,18,18
1710,12,12
1711,5,5
1712,20,20
1713,23,23
1714,3,3
1715,7,7
1716,28,28
1717,20,20
1718,4,4
1719,21,21
1720,1,1
1721,11,11
1722,0,0
1723,30,30
1724,1,1
1725,23,23
1726,18,18
1727,21,21
1728,12,12
1729,23,23
1730,7,7
1731,21,21
1732,10,10
1733,17,17
1734,16,16
1735,11,11
1736,8,8
1737,10,10
1738,27,27
1739,28,28
1740,33,33
1741,21,21
1742,10,10
1743,18,18
1744,5,5
1745,16,16
1746,8,8
1747,33,33
1748,23,23
1749,10,10
1750,17,17
1751,9,9
1752,21,21
1753,25,25
1754,26,26
1755,6,6
1756,10,10
1757,30,30
1758,21,21
1759,24,24
1760,28,28
1761,6,6
1762,7,7
1763,17,17
1764,26,26
1765,29,29
1766,4,4
1767,1,1
1768,30,30
1769,23,23
1770,24,24
1771,7,7
1772,12,12
1773,7,7
1774,16,16
1775,31,31
1776,25,25
1777,7,7
1778,20,20
1779,20,20
1780,22,22
1781,8,8
1782,30,30
1783,13,13
1784,5,5
1785,21,21
1786,1,1
1787,27,27
1788,32,32
1789,17,17
1790,17,17
1791,19,19
1792,16,16
1793,24,24
1794,30,30
1795,25,25
1796,34,34
1797,10,10
1798,8,8
1799,1,1
1800,14,14
1801,6,6
1802,23,23
1803,29,29
1804,9,9
1805,10,10
1806,22,22
1807,2,2
1808,28,28
1809,20,20
1810,3,3
1811,16,16
1812,7,7
1813,17,17
1814,28,28
1815,18,18
1816,8,8
1817,11,11
1818,21,21
1819,30,30
1820,32,32
1821,9,9
1822,10,10
1823,1,1
1824,29,29
1825,33,33
1826,3,3
1827,20,20
1828,2,2
1829,10,10
1830,31,31
1831,24,24
1832,10,10
1833,33,33
1834,21,21
1835,11,11
1836,11,11
1837,3,3
1838,34,34
1839,6,6
1840,16,16
1841,32,32
1842,20,20
1843,6,6
1844,16,16
1845,19,19
1846,34,34
1847,30,30
1848,4,4
1849,0,0
1850,23,23
1851,4,4
1852,10,10
1853,26,26
1854,31,31
1855,9,9
1856,8,8
1857,0,0
1858,17,17
1859,34,34
1860,5,5
1861,33,33
1862,29,29
1863,13,13
1864,24,24
1865,23,23
1866,11,11
1867,6,6
1868,14,14
1869,12,12
1870,24,24
1871,8,8
1872,5,5
1873,16,16
1874,15,15
1875,26,26
1876,12,12
1877,25,25
1878,3,3
1879,19,19
1880,3,3
1881,5,5
1882,32,32
1883,33,33
1884,20,20
1885,20,20
1886,18,18
1887,26,26
1888,0,0
1889,16,16
1890,18,18
1891,16,16
1892,19,19
1893,33,33
1894,31,31
1895,2,2
1896,26,26
1897,15,15
1898,8,8
1899,26,26
1900,10,10
1901,23,23
1902,15,15
1903,14,14
1904,7,7
1905,1,1
1906,15,15
1907,18,18
1908,6,6
1909,23,23
1910,32,32
1911,24,24
1912,32,32
1913,14,14
1914,17,17
1915,10,10
1916,23,23
1917,17,17
1918,11,11
1919,9,9
1920,9,9
1921,6,6
1922,28,28
1923,31,31
1924,27,27
1925,25,25
1926,12,12
1927,31,31
1928,31,31
1929,29,29
1930,23,23
1931,7,7
1932,5,5
1933,4,4
1934,34,34
1935,7,7
1936,33,33
1937,16,16
1938,34,34
1939,24,24
1940,20,20
1941,18,18
1942,28,28
1943,26,26
1944,30,30
1945,15,15
1946,26,26
1947,8,8
1948,17,17
1949,10,10
1950,2,2
1951,10,10
1952,16,16
1953,8,8
1954,14,14
1955,21,21
1956,2,2
1957,27,27
1958,34,34
1959,9,9
1960,21,21
1961,28,28
1962,5,5
1963,25,25
1964,34,34
1965,11,11
1966,10,10
1967,34,34
1968,6,6
1969,12,12
1970,4,4
1971,30,30
1972,2,2
1973,34,34
1974,8,8
1975,8,8
1976,10,10
1977,11,11
1978,0,0
1979,0,0
1980,20,20
1981,23,23
1982,29,29
1983,9,9
1984,21,21
1985,0,0
1986,21,21
1987,2,2
1988,33,33
1989,14,14
1990,1,1
1991,10,10
1992,8,8
1993,23,23
1994,29,29
1995,30,30
1996,0,0
1997,34,34
1998,27,27
1999,0,0
2000,4,4
2001,12,12
2002,8,8
2003,29,29
2004,4,4
2005,31,31
2006,33,33
2007,24,24
2008,5,5
2009,3,3
2010,18,18
2011,26,26
2012,12,12
2013,4,4
2014,28,28
2015,13,13
2016,14,14
2017,4,4
2018,10,10
2019,0,0
2020,5,5
2021,8,8
2022,29,29
2023,30,30
2024,10,10
2025,8,8
2026,11,11
2027,6,6
2028,7,7
2029,34,34
2030,15,15
2031,33,33
2032,30,30
2033,6,6
2034,34,34
2035,11,11
2036,12,12
2037,34,34
2038,23,23
2039,6,6
2040,12,12
2041,4,4
2042,31,31
2043,14,14
2044,17,17
2045,25,25
2046,1,1
2047,14,14
2048,17,17
2049,6,6
2050,11,11
2051,12,12
2052,31,31
2053,22,22
2054,3,3
2055,29,29
2056,34,34
2057,31,31
2058,21,21
2059,1,1
2060,16,16
2061,8,8
2062,8,8
2063,2,2
2064,18,18
2065,25,25
2066,5,5
2067,9,9
2068,3,3
2069,31,31
2070,2,2
2071,24,24
2072,22,22
2073,2,2
2074,20,20
2075,16,16
2076,20,20
2077,25,25
2078,8,8
2079,31,31
2080,25,25
2081,32,32
2082,32,32
2083,4,4
2084,20,20
2085,17,17
2086,8,8
2087,0,0
2088,3,3
2089,19,19
2090,28,28
2091,9,9
2092,8,8
2093,10,10
2094,21,21
2095,23,23
2096,30,30
2097,18,18
2098,26,26
2099,16,16
2100,26,26
2101,28,28
2102,12,12
2103,10,10
2104,4,4
2105,4,4
2106,31,31
2107,33,33
2108,33,33
2109,30,30
2110,10,10
2111,6,6
2112,16,16
2113,14,14
2114,0,0
2115,9,9
2116,33,33
2117,19,19
2118,0,0
2119,14,14
2120,22,22
2121,9,9
2122,30,30
2123,32,32
2124,6,6
2125,32,32
2126,29,29
2127,21,21
2128,27,27
2129,15,15
2130,0,0
2131,21,21
2132,24,24
2133,18,18
2134,31,31
2135,19,19
2136,19,19
2137,17,17
2138,18,18
2139,8,8
2140,26,26
2141,26,26
2142,24,24
2143,34,34
2144,0,0
2145,28,28
2146,30,30
2147,4,4
2148,5,5
2149,28,28
2150,30,30
2151,33,33
2152,1,1
2153,10,10
2154,29,29
2155,22,22
2156,16,16
2157,26,26
2158,25,25
2159,7,7
2160,14,14
2161,25,25
2162,26,26
2163,31,31
2164,8,8
2165,34,34
2166,31,31
2167,0,0
2168,20,20
2169,30,30
2170,16,16
2171,11,11
2172,20,20
2173,14,14
2174,11,11
2175,30,30
2176,5,5
2177,17,17
2178,5,5
2179,4,4
2180,10,10
2181,12,12
2182,26,26
2183,25,25
2184,24,24
2185,9,9
2186,30,30
2187,10,10
2188,18,18
2189,27,27
2190,2,2
2191,33,33
2192,24,24
2193,16,16
2194,5,5
2195,14,14
2196,11,11
2197,24,24
2198,3,3
2199,34,34
2200,28,28
2201,2,2
2202,7,7
2203,32,32
2204,2,2
2205,34,34
2206,11,11
2207,14,14
2208,12,12
2209,21,21
2210,1,1
2211,15,15
2212,1,1
2213,27,27
2214,21,21
2215,13,13
2216,3,3
2217,9,9
2218,24,24
2219,14,14
2220,17,17
2221,25,25
2222,5,5
2223,10,10
2224,27,27
2225,10,10
2226,9,9
2227,6,6
2228,0,0
2229,24,24
2230,29,29
2231,0,0
2232,11,11
2233,29,29
2234,21,21
2235,19,19
2236,7,7
2237,27,27
2238,26,26
2239,3,3
2240,3,3
2241,17,17
2242,32,32
2243,29,29
2244,29,29
2245,30,30
2246,30,30
2247,14,14
2248,21,21
2249,19,19
2250,22,22
2251,12,12
2252,11,11
2253,15,15
2254,6,6
2255,29,29
2256,15,15
2257,0,0
2258,23,23
2259,2,2
2260,15,15
2261,29,29
2262,13,13
2263,9,9
2264,14,14
2265,1,1
2266,21,21
2267,13,13
2268,14,14
2269,21,21
2270,29,29
2271,24,24
2272,3,3
2273,21,21
2274,1,1
2275,5,5
2276,11,11
2277,6,6
2278,0,0
2279,15,15
2280,30,30
2281,14,14
2282,5,5
2283,17,17
2284,33,33
2285,17,17
2286,29,29
2287,21,21
2288,2,2
2289,34,34
2290,31,31
2291,24,24
2292,33,33
2293,9,9
2294,2,2
2295,0,0
2296,5,5
2297,30,30
2298,1,1
2299,25,25
2300,1,1
2301,1,1
2302,24,24
2303,34,34
2304,0,0
2305,20,20
2306,13,13
2307,20,20
2308,28,28
2309,4,4
2310,31,31
2311,28,28
2312,6,6
2313,16,16
2314,22,22
2315,9,9
2316,13,13
2317,20,20
2318,18,18
2319,3,3
2320,29,29
2321,7,7
2322,12,12
2323,30,30
2324,7,7
2325,12,12
2326,1,1
2327,9,9
2328,17,17
2329,8,8
2330,14,14
2331,4,4
2332,12,12
2333,23,23
2334,17,17
2335,16,16
2336,7,7
2337,1,1
2338,10,10
2339,7,7
2340,0,0
2341,13,13
2342,21,21
2343,24,24
2344,30,30
2345,4,4
2346,17,17
2347,0,0
2348,21,21
2349,14,14
2350,13,13
2351,9,9
2352,18,18
2353,15,15
2354,23,23
2355,19,19
2356,1,1
2357,33,33
2358,15,15
2359,3,3
2360,7,7
2361,14,14
2362,12,12
2363,22,22
2364,19,19
2365,17,17
2366,34,34
2367,28,28
2368,3,3
2369,28,28
2370,29,29
2371,10,10
2372,25,25
2373,11,11
2374,23,23
2375,28,28
2376,6,6
2377,6,6
2378,0,0
2379,11,11
2380,13,13
2381,10,10
2382,4,4
2383,3,3
2384,11,11
2385,29,29
2386,34,34
2387,13,13
2388,32,32
2389,18,18
2390,3,3
2391,16,16
2392,6,6
2393,25,25
2394,31,31
2395,21,21
2396,4,4
2397,21,21
2398,24,24
2399,12,12
2400,6,6
2401,6,6
2402,13,13
2403,13,13
2404,1,1
2405,4,4
2406,8,8
2407,12,12
2408,16,16
2409,12,12
2410,27,27
2411,23,23
2412,27,27
2413,19,19
2414,26,26
2415,23,23
2416,10,10
2417,17,17
2418,0,0
2419,5,5
2420,10,10
2421,2,2
2422,17,17
2423,2,2
2424,26,26
2425,18,18
2426,19,19
2427,4,4
2428,12,12
2429,20,20
2430,3,3
2431,23,23
2432,32,32
2433,10,10
2434,1,1
2435,21,21
2436,13,13
2437,1,1
2438,24,24
2439,32,32
2440,14,14
2441,18,18
2442,28,28
2443,6,6
2444,15,15
2445,1,1
2446,10,10
2447,16,16
2448,30,30
2449,4,4
2450,6,6
2451,24,24
2452,9,9
2453,5,5
2454,2,2
2455,8,8
2456,33,33
2457,6,6
2458,9,9
2459,0,0
2460,1,1
2461,1,1
2462,6,6
2463,18,18
2464,34,34
2465,24,24
2466,17,17
2467,32,32
2468,21,21
2469,20,20
2470,3,3
2471,27,27
2472,4,4
2473,12,12
2474,23,23
2475,19,19
2476,10,10
2477,33,33
2478,18,18
2479,17,17
2480,6,6
2481,7,7
2482,13,13
2483,19,19
2484,24,24
2485,7,7
2486,13,13
2487,27,27
2488,6,6
2489,34,34
2490,33,33
2491,6,6
2492,32,32
2493,21,21
2494,3,3
2495,28,28
2496,6,6
2497,9,9
2498,17,17
2499,15,15
2500,10,10
2501,22,22
2502,29,29
2503,26,26
2504,15,15
2505,2,2
2506,15,15
2507,17,17
2508,23,23
2509,14,14
2510,4,4
2511,3,3
2512,7,7
2513,17,17
2514,1,1
2515,5,5
2516,20,20
2517,30,30
2518,32,32
2519,22,22
2520,19,19
2521,8,8
2522,21,21
2523,4,4
2524,0,0
2525,7,7
2526,2,2
2527,19,19
2528,8,8
2529,13,13
2530,20,20
2531,24,24
2532,26,26
2533,19,19
2534,28,28
2535,24,24
2536,28,28
2537,7,7
2538,25,25
2539,11,11
2540,13,13
2541,13,13
2542,2,2
2543,21,21
2544,16,16
2545,2,2
2546,26,26
2547,2,2
2548,32,32
2549,26,26
2550,32,32
2551,13,13
2552,27,27
2553,34,34
2554,21,21
2555,27,27
2556,10,10
2557,7,7
2558,34,34
2559,34,34
2560,22,22
2561,30,30
2562,12,12
2563,34,34
2564,27,27
2565,3,3
2566,8,8
2567,26,26
2568,21,21
2569,34,34
2570,6,6
2571,2,2
2572,19,19
2573,5,5
2574,21,21
2575,0,0
2576,33,33
2577,12,12
2578,7,7
2579,32,32
2580,11,11
2581,32,32
2582,30,30
2583,18,18
2584,16,16
2585,1,1
2586,1,1
2587,21,21
2588,15,15
2589,22,22
2590,28,28
2591,6,6
2592,0,0
2593,1,1
2594,12,12
2595,12,12
2596,6,6
2597,26,26
2598,14,14
2599,7,7
2600,20,20
2601,11,11
2602,13,13
2603,8,8
2604,26,26
2605,15,15
2606,2,2
2607,2,2
2608,19,19
2609,28,28
2610,30,30
2611,25,25
2612,5,5
2613,33,33
2614,28,28
2615,33,33
2616,0,0
2617,26,26
2618,15,15
2619,7,7
2620,25,25
2621,21,21
2622,17,17
2623,10,10
2624,29,29
2625,13,13
2626,29,29
2627,32,32
2628,5,5
2629,8,8
2630,10,10
2631,25,25
2632,9,9
2633,16,16
2634,1,1
2635,3,3
2636,8,8
2637,23,23
2638,7,7
2639,30,30
2640,17,17
2641,21,21
2642,25,25
2643,0,0
2644,4,4
2645,30,30
2646,25,25
2647,15,15
2648,1,1
2649,7,7
2650,22,22
2651,24,24
2652,8,8
2653,33,33
2654,16,16
2655,20,20
2656,16,16
2657,4,4
2658,25,25
2659,3,3
2660,7,7
2661,4,4
2662,21,21
2663,34,34
2664,9,9
2665,24,24
2666,30,30
2667,23,23
2668,24,24
2669,34,34
2670,5,5
2671,19,19
2672,28,28
2673,1,1
2674,33,33
2675,12,12
2676,3,3
2677,33,33
2678,17,17
2679,5,5
2680,27,27
2681,0,0
2682,33,33
2683,21,21
2684,30,30
2685,30,30
2686,23,23
2687,26,26
2688,19,19
2689,34,34
2690,34,34
2691,27,27
2692,27,27
2693,2,2
2694,18,18
2695,20,20
2696,6,6
2697,14,14
2698,0,0
2699,24,24
2700,0,0
2701,16,16
2702,32,32
2703,11,11
2704,26,26
2705,2,2
2706,7,7
2707,9,9
2708,27,27
2709,11,11
2710,17,17
2711,11,11
2712,19,19
2713,23,23
2714,13,13
2715,18,18
2716,26,26
2717,11,11
2718,12,12
2719,16,16
2720,28,28
2721,10,10
2722,20,20
2723,20,20
2724,34,34
2725,10,10
2726,5,5
2727,17,17
2728,25,25
2729,6,6
2730,21,21
2731,13,13
2732,12,12
2733,27,27
2734,27,27
2735,22,22
2736,4,4
2737,3,3
2738,3,3
2739,21,21
2740,28,28
2741,19,19
2742,19,19
2743,32,32
2744,27,27
2745,22,22
2746,11,11
2747,20,20
2748,9,9
2749,24,24
2750,5,5
2751,20,20
2752,16,16
2753,25,25
2754,21,21
2755,5,5
2756,27,27
2757,27,27
2758,33,33
2759,25,25
2760,27,27
2761,9,9
2762,33,33
2763,30,30
2764,24,24
2765,27,27
2766,4,4
2767,22,22
2768,21,21
2769,29,29
2770,8,8
2771,15,15
2772,25,25
2773,14,14
2774,9,9
2775,8,8
2776,29,29
2777,29,29
2778,20,20
2779,32,32
2780,20,20
2781,23,23
2782,17,17
2783,3,3
2784,22,22
2785,8,8
2786,33,33
2787,26,26
2788,6,6
2789,29,29
2790,18,18
2791,32,32
2792,11,11
2793,12,12
2794,26,26
2795,22,22
2796,25,25
2797,19,19
2798,11,11
2799,5,5
2800,11,11
2801,11,11
2802,28,28
2803,10,10
2804,29,29
2805,27,27
2806,1,1
2807,8,8
2808,4,4
2809,24,24
2810,32,32
2811,26,26
2812,19,19
2813,20,20
2814,5,5
2815,30,30
2816,27,27
2817,0,0
2818,8,8
2819,4,4
2820,20,20
2821,25,25
2822,13,13
2823,27,27
2824,34,34
2825,26,26
2826,24,24
2827,21,21
2828,11,11
2829,7,7
2830,10,10
2831,17,17
2832,33,33
2833,29,29
2834,10,10
2835,20,20
2836,4,4
2837,10,10
2838,8,8
2839,7,7
2840,26,26
2841,1,1
2842,5,5
2843,1,1
2844,34,34
2845,34,34
2846,22,22
2847,8,8
2848,18,18
2849,5,5
2850,10,10
2851,6,6
2852,2,2
2853,25,25
2854,8,8
2855,29,29
2856,5,5
2857,26,26
2858,8,8
2859,32,32
2860,0,0
2861,9,9
2862,11,11
2863,26,26
2864,16,16
2865,34,34
2866,21,21
2867,19,19
2868,8,8
2869,11,11
2870,9,9
2871,6,6
2872,31,31
2873,22,22
2874,6,6
2875,3,3
2876,9,9
2877,3,3
2878,17,17
2879,19,19
2880,23,23
2881,30,30
2882,24,24
2883,2,2
2884,26,26
2885,8,8
2886,29,29
2887,1,1
2888,19,19
2889,29,29
2890,20,20
2891,34,34
2892,23,23
2893,16,16
2894,26,26
2895,17,17
2896,27,27
2897,8,8
2898,34,34
2899,19,19
2900,17,17
2901,33,33
2902,5,5
2903,5,5
2904,32,32
2905,19,19
2906,14,14
2907,3,3
2908,10,10
2909,15,15
2910,13,13
2911,21,21
2912,4,4
2913,20,20
2914,5,5
2915,28,28
2916,1,1
2917,30,30
2918,23,23
2919,0,0
2920,17,17
2921,1,1
2922,16,16
2923,9,9
2924,21,21
2925,17,17
2926,21,21
2927,33,33
2928,19,19
2929,4,4
2930,0,0
2931,19,19
2932,16,16
2933,32,32
2934,21,21
2935,22,22
2936,28,28
2937,25,25
2938,34,34
2939,2,2
2940,34,34
2941,18,18
2942,16,16
2943,18,18
2944,11,11
2945,3,3
2946,4,4
2947,15,15
2948,20,20
2949,18,18
2950,28,28
2951,34,34
2952,18,18
2953,14,14
2954,5,5
2955,31,31
2956,29,29
2957,5,5
2958,18,18
2959,17,17
2960,2,2
2961,3,3
2962,0,0
2963,0,0
2964,3,3
2965,25,25
2966,22,22
2967,30,30
2968,31,31
2969,17,17
2970,17,17
2971,3,3
2972,27,27
2973,30,30
2974,5,5
2975,27,27
2976,24,24
2977,32,32
2978,24,24
2979,24,24
2980,34,34
2981,13,13
2982,7,7
2983,34,34
2984,34,34
2985,22,22
2986,4,4
2987,14,14
2988,7,7
2989,21,21
2990,13,13
2991,7,7
2992,6,6
2993,11,11
2994,17,17
2995,31,31
2996,29,29
2997,20,20
2998,5,5
2999,32,32
3000,5,5
3001,16,16
3002,34,34
3003,1,1
3004,4,4
3005,0,0
3006,22,22
3007,1,1
3008,15,15
3009,30,30
3010,34,34
3011,30,30
3012,17,17
3013,0,0
3014,31,31
3015,20,20
3016,17,17
3017,7,7
3018,30,30
3019,5,5
3020,17,17
3021,2,2
3022,34,34
3023,28,28
3024,25,25
3025,7,7
3026,24,24
3027,22,22
3028,21,21
3029,18,18
3030,5,5
3031,22,22
3032,3,3
3033,16,16
3034,16,16
3035,23,23
3036,22,22
3037,4,4
3038,34,34
3039,17,17
3040,13,13
3041,26,26
3042,7,7
3043,31,31
3044,8,8
3045,5,5
3046,12,12
3047,10,10
3048,26,26
3049,30,30
3050,9,9
3051,0,0
3052,4,4
3053,32,32
3054,16,16
3055,30,30
3056,10,10
3057,20,20
3058,17,17
3059,7,7
3060,11,11
3061,23,23
3062,1,1
3063,21,21
3064,23,23
3065,7,7
3066,10,10
3067,3,3
3068,6,6
3069,5,5
3070,14,14
3071,11,11
3072,13,13
3073,4,4
3074,11,11
3075,32,32
3076,17,17
3077,0,0
3078,33,33
3079,7,7
3080,33,33
3081,11,11
3082,0,0
3083,16,16
3084,8,8
3085,4,4
3086,8,8
3087,16,16
3088,9,9
3089,15,15
3090,4,4
3091,22,22
3092,6,6
3093,25,25
3094,2,2
3095,17,17
3096,31,31
3097,19,19
3098,32,32
3099,18,18
3100,3,3
3101,33,33
3102,22,22
3103,31,31
3104,33,33
3105,11,11
3106,14,14
3107,5,5
3108,3,3
3109,9,9
3110,28,28
3111,18,18
3112,29,29
3113,4,4
3114,23,23
3115,31,31
3116,10,10
3117,1,1
3118,23,23
3119,16,16
3120,4,4
3121,20,20
3122,5,5
3123,25,25
3124,13,13
3125,3,3
3126,20,20
3127,1,1
3128,26,26
3129,27,27
3130,18,18
3131,18,18
3132,17,17
3133,30,30
3134,24,24
3135,27,27
3136,5,5
3137,22,22
3138,0,0
3139,24,24
3140,28,28
3141,9,9
3142,15,15
3143,5,5
3144,24,24
3145,0,0
3146,6,6
3147,20,20
3148,29,29
3149,33,33
3150,25,25
3151,8,8
3152,32,32
3153,3,3
3154,16,16
3155,24,24
3156,18,18
3157,6,6
3158,26,26
3159,27,27
3160,25,25
3161,13,13
3162,7,7
3163,34,34
3164,12,12
3165,22,22
3166,33,33
3167,15,15
3168,10,10
3169,4,4
3170,0,0
3171,31,31
3172,23,23
3173,14,14
3174,5,5
3175,32,32
3176,7,7
3177,22,22
3178,4,4
3179,22,22
3180,0,0
3181,27,27
3182,18,18
3183,7,7
3184,31,31
3185,25,25
3186,32,32
3187,13,13
3188,2,2
3189,0,0
3190,22,22
3191,8,8
3192,13,13
3193,16,16
3194,22,22
3195,29,29
3196,24,24
3197,12,12
3198,32,32
3199,11,11
3200,0,0
3201,26,26
3202,4,4
3203,29,29
3204,32,32
3205,16,16
3206,17,17
3207,27,27
3208,34,34
3209,3,3
3210,29,29
3211,18,18
3212,33,33
3213,29,29
3214,3,3
3215,8,8
3216,24,24
3217,19,19
3218,9,9
3219,32,32
3220,23,23
3221,3,3
3222,0,0
3223,15,15
3224,18,18
3225,16,16
3226,8,8
3227,28,28
3228,19,19
3229,12,12
3230,11,11
3231,29,29
3232,27,27
3233,19,19
3234,8,8
3235,20,20
3236,18,18
3237,30,30
3238,18,18
3239,6,6
3240,23,23
3241,26,26
3242,14,14
3243,27,27
3244,33,33
3245,2,2
3246,4,4
3247,24,24
3248,31,31
3249,6,6
3250,13,13
3251,29,29
3252,15,15
3253,21,21
3254,16,16
3255,11,11
3256,27,27
3257,2,2
3258,22,22
3259,13,13
3260,34,34
3261,0,0
3262,20,20
3263,23,23
3264,19,19
3265,4,4
3266,31,31
3267,32,32
3268,21,21
3269,28,28
3270,9,9
3271,16,16
3272,20,20
3273,18,18
3274,17,17
3275,24,24
3276,19,19
3277,20,20
3278,17,17
3279,3,3
3280,3,3
3281,5,5
3282,23,23
3283,13,13
3284,5,5
3285,14,14
3286,6,6
3287,13,13
3288,29,29
3289,7,7
3290,21,21
3291,26,26
3292,7,7
3293,3,3
3294,30,30
3295,2,2
3296,8,8
3297,18,18
3298,25,25
3299,23,23
3300,5,5
3301,24,24
3302,6,6
3303,20,20
3304,6,6
3305,15,15
3306,17,17
3307,34,34
3308,6,6
3309,18,18
3310,20,20
3311,6,6
3312,30,30
3313,13,13
3314,22,22
3315,21,21
3316,34,34
3317,34,34
3318,7,7
3319,26,26
3320,15,15
3321,11,11
3322,14,14
3323,3,3
3324,7,7
3325,16,16
3326,27,27
3327,33,33
3328,8,8
3329,28,28
3330,29,29
3331,20,20
3332,34,34
3333,26,26
3334,33,33
3335,30,30
3336,1,1
3337,5,5
3338,12,12
3339,3,3
3340,34,34
3341,22,22
3342,9,9
3343,1,1
3344,17,17
3345,12,12
3346,10,10
3347,29,29
3348,7,7
3349,23,23
3350,12,12
3351,31,31
3352,23,23
3353,20,20
3354,18,18
3355,26,26
3356,32,32
3357,12,12
3358,33,33
3359,31,31
3360,21,21
3361,17,17
3362,32,32
3363,31,31
3364,6,6
3365,32,32
3366,19,19
3367,16,16
3368,4,4
3369,15,15
3370,13,13
3371,15,15
3372,5,5
3373,4,4
3374,6,6
3375,6,6
3376,4,4
3377,26,26
3378,18,18
3379,2,2
3380,19,19
3381,11,11
3382,17,17
3383,23,23
3384,10,10
3385,11,11
3386,22,22
3387,4,4
3388,11,11
3389,15,15
3390,32,32
3391,21,21
3392,33,33
3393,28,28
3394,27,27
3395,16,16
3396,0,0
3397,19,19
3398,14,14
3399,33,33
3400,21,21
3401,27,27
3402,2,2
3403,32,32
3404,5,5
3405,23,23
3406,18,18
3407,13,13
3408,2,2
3409,10,10
3410,25,25
3411,11,11
3412,11,11
3413,26,26
3414,4,4
3415,7,7
3416,1,1
3417,20,20
3418,16,16
3419,0,0
3420,24,24
3421,25,25
3422,10,10
3423,6,6
3424,20,20
3425,13,13
3426,0,0
3427,19,19
3428,7,7
3429,17,17
3430,28,28
3431,17,17
3432,27,27
3433,6,6
3434,33,33
3435,29,29
3436,3,3
3437,19,19
3438,16,16
3439,13,13
3440,15,15
3441,34,34
3442,0,0
3443,4,4
3444,33,33
3445,13,13
3446,26,26
3447,4,4
3448,12,12
3449,27,27
3450,11,11
3451,25,25
3452,17,17
3453,26,26
3454,32,32
3455,19,19
3456,29,29
3457,16,16
3458,16,16
3459,27,27
3460,24,24
3461,2,2
3462,22,22
3463,3,3
3464,10,10
3465,31,31
3466,23,23
3467,6,6
3468,1,1
3469,31,31
3470,29,29
3471,23,23
3472,27,27
3473,32,32
3474,11,11
3475,4,4
3476,16,16
3477,20,20
3478,22,22
3479,7,7
3480,14,14
3481,14,14
3482,24,24
3483,21,21
3484,20,20
3485,34,34
3486,14,14
3487,27,27
3488,17,17
3489,4,4
3490,22,22
3491,15,15
3492,5,5
3493,28,28
3494,1,1
3495,34,34
3496,5,5
3497,13,13
3498,24,24
3499,15,15
3500,25,25
3501,32,32
3502,1,1
3503,5,5
3504,0,0
3505,15,15
3506,18,18
3507,2,2
3508,32,32
3509,24,24
3510,7,7
3511,2,2
3512,15,15
3513,5,5
3514,20,20
3515,34,34
3516,26,26
3517,7,7
3518,11,11
3519,4,4
3520,27,27
3521,33,33
3522,31,31
3523,26,26
3524,13,13
3525,6,6
3526,24,24
3527,3,3
3528,21,21
3529,14,14
3530,10,10
3531,9,9
3532,2,2
3533,31,31
3534,31,31
3535,26,26
3536,10,10
3537,24,24
3538,34,34
3539,19,19
3540,14,14
3541,30,30
3542,29,29
3543,11,11
3544,5,5
3545,19,19
3546,28,28
3547,3,3
3548,24,24
3549,29,29
3550,5,5
3551,27,27
3552,1,1
3553,5,5
3554,0,0
3555,29,29
3556,23,23
3557,9,9
3558,18,18
3559,1,1
3560,27,27
3561,5,5
3562,27,27
3563,3,3
3564,6,6
3565,14,14
3566,19,19
3567,11,11
3568,23,23
3569,10,10
3570,28,28
3571,21,21
3572,11,11
3573,23,23
3574,2,2
3575,34,34
3576,22,22
3577,18,18
3578,1,1
3579,9,9
3580,20,20
3581,21,21
3582,19,19
3583,3,3
3584,29,29
3585,22,22
3586,30,30
3587,18,18
3588,34,34
3589,11,11
3590,2,2
3591,26,26
3592,5,5
3593,9,9
3594,4,4
3595,28,28
3596,4,4
3597,4,4
3598,33,33
3599,19,19
3600,10,10
3601,15,15
3602,18,18
3603,2,2
3604,18,18
3605,4,4
3606,12,12
3607,29,29
3608,0,0
3609,6,6
3610,10,10
3611,7,7
3612,15,15
3613,8,8
3614,6,6
3615,15,15
3616,27,27
3617,27,27
3618,34,34
3619,0,0
3620,17,17
3621,26,26
3622,6,6
3623,26,26
3624,16,16
3625,0,0
3626,25,25
3627,18,18
3628,20,20
3629,4,4
3630,1,1
3631,29,29
3632,7,7
3633,19,19
3634,21,21
3635,17,17
3636,22,22
3637,24,24
3638,19,19
3639,4,4
3640,32,32
3641,21,21
3642,30,30
3643,32,32
3644,26,26
3645,1,1
3646,28,28
3647,7,7
3648,33,33
3649,21,21
3650,23,23
3651,10,10
3652,3,3
3653,26,26
3654,22,22
3655,19,19
3656,0,0
3657,8,8
3658,14,14
3659,7,7
3660,30,30
3661,4,4
3662,3,3
3663,29,29
3664,22,22
3665,24,24
3666,19,19
3667,11,11
3668,27,27
3669,25,25
3670,25,25
3671,17,17
3672,21,21
3673,1,1
3674,31,31
3675,15,15
3676,22,22
3677,31,31
3678,20,20
3679,8,8
3680,28,28
3681,17,17
3682,19,19
3683,25,25
3684,0,0
3685,19,19
3686,32,32
3687,18,18
3688,16,16
3689,9,9
3690,19,19
3691,14,14
3692,8,8
3693,10,10
3694,32,32
3695,21,21
3696,5,5
3697,21,21
3698,0,0
3699,5,5
3700,18,18
3701,12,12
3702,16,16
3703,4,4
3704,4,4
3705,9,9
3706,24,24
3707,14,14
3708,34,34
3709,23,23
3710,7,7
3711,27,27
3712,22,22
3713,2,2
3714,0,0
3715,33,33
3716,27,27
3717,31,31
3718,12,12
3719,30,30
3720,2,2
3721,7,7
3722,31,31
3723,24,24
3724,5,5
3725,16,16
3726,0,0
3727,15,15
3728,1,1
3729,12,12
3730,31,31
3731,0,0
3732,3,3
3733,27,27
3734,14,14
3735,10,10
3736,26,26
3737,15,15
3738,20,20
3739,10,10
3740,23,23
3741,10,10
3742,10,10
3743,16,16
3744,23,23
3745,27,27
3746,29,29
3747,6,6
3748,8,8
3749,31,31
3750,17,17
3751,31,31
3752,11,11
3753,23,23
3754,15,15
3755,32,32
3756,13,13
3757,19,19
3758,24,24
3759,0,0
3760,12,12
3761,27,27
3762,3,3
3763,14,14
3764,5,5
3765,5,5
3766,25,25
3767,32,32
3768,27,27
3769,30,30
3770,6,6
3771,24,24
3772,14,14
3773,4,4
3774,32,32
3775,20,20
3776,31,31
3777,2,2
3778,8,8
3779,8,8
3780,11,11
3781,16,16
3782,25,25
3783,2,2
3784,31,31
3785,17,17
3786,26,26
3787,24,24
3788,26,26
3789,22,22
3790,32,32
3791,15,15
3792,20,20
3793,20,20
3794,13,13
3795,5,5
3796,16,16
3797,17,17
3798,31,31
3799,13,13
3800,12,12
3801,32,32
3802,19,19
3803,32,32
3804,28,28
3805,18,18
3806,34,34
3807,16,16
3808,33,33
3809,4,4
3810,5,5
3811,30,30
3812,11,11
3813,27,27
3814,1,1
3815,24,24
3816,5,5
3817,25,25
3818,18,18
3819,14,14
3820,24,24
3821,31,31
3822,19,19
3823,5,5
3824,15,15
3825,13,13
3826,12,12
3827,3,3
3828,21,21
3829,21,21
3830,18,18
3831,26,26
3832,29,29
3833,23,23
3834,14,14
3835,30,30
3836,17,17
3837,3,3
3838,3,3
3839,24,24
3840,22,22
3841,22,22
3842,17,17
3843,17,17
3844,30,30
3845,8,8
3846,9,9
3847,20,20
3848,13,13
3849,33,33
3850,11,11
3851,27,27
3852,18,18
3853,7,7
3854,2,2
3855,21,21
3856,27,27
3857,17,17
3858,10,10
3859,26,26
3860,29,29
3861,34,34
3862,29,29
3863,32,32
3864,31,31
3865,7,7
3866,27,27
3867,12,12
3868,5,5
3869,14,14
3870,27,27
3871,16,16
3872,30,30
3873,14,14
3874,29,29
3875,3,3
3876,0,0
3877,0,0
3878,20,20
3879,24,24
3880,28,28
3881,29,29
3882,26,26
3883,18,18
3884,13,13
3885,24,24
3886,21,21
3887,14,14
3888,12,12
3889,8,8
3890,4,4
3891,28,28
3892,16,16
3893,11,11
3894,18,18
3895,6,6
3896,14,14
3897,27,27
3898,24,24
3899,5,5
3900,6,6
3901,1,1
3902,32,32
3903,16,16
3904,18,18
3905,28,28
3906,34,34
3907,4,4
3908,16,16
3909,3,3
3910,18,18
3911,34,34
3912,33,33
3913,3,3
3914,17,17
3915,13,13
3916,3,3
3917,17,17
3918,16,16
3919,19,19
3920,7,7
3921,31,31
3922,9,9
3923,11,11
3924,6,6
3925,29,29
3926,21,21
3927,26,26
3928,19,19
3929,6,6
3930,14,14
3931,6,6
3932,33,33
3933,8,8
3934,1,1
3935,31,31
3936,6,6
3937,19,19
3938,10,10
3939,27,27
3940,3,3
3941,0,0
3942,3,3
3943,6,6
3944,0,0
3945,1,1
3946,12,12
3947,21,21
3948,30,30
3949,9,9
3950,4,4
3951,15,15
3952,4,4
3953,31,31
3954,28,28
3955,11,11
3956,12,12
3957,19,19
3958,11,11
3959,15,15
3960,23,23
3961,2,2
3962,12,12
3963,29,29
3964,13,13
3965,26,26
3966,14,14
3967,23,23
3968,22,22
3969,30,30
3970,3,3
3971,14,14
3972,15,15
3973,13,13
3974,32,32
3975,5,5
3976,4,4
3977,22,22
3978,10,10
3979,22,22
3980,28,28
3981,26,26
3982,28,28
3983,23,23
3984,26,26
3985,6,6
3986,6,6
3987,28,28
3988,6,6
3989,27,27
3990,9,9
3991,7,7
3992,13,13
3993,22,22
3994,6,6
3995,10,10
3996,12,12
3997,31,31
3998,27,27
3999,20,20
4000,18,18
4001,1,1
4002,15,15
4003,28,28
4004,14,14
4005,25,25
4006,4,4
4007,13,13
4008,13,13
4009,34,34
4010,1,1
4011,31,31
4012,32,32
4013,3,3
4014,13,13
4015,3,3
4016,15,15
4017,1,1
4018,12,12
4019,7,7
4020,24,24
4021,30,30
4022,5,5
4023,16,16
4024,23,23
4025,17,17
4026,34,34
4027,33,33
4028,10,10
4029,34,34
4030,28,28
4031,21,21
4032,20,20
4033,12,12
4034,1,1
4035,0,0
4036,25,25
4037,33,33
4038,34,34
4039,30,30
4040,34,34
4041,33,33
4042,23,23
4043,32,32
4044,3,3
4045,19,19
4046,16,16
4047,25,25
4048,23,23
4049,33,33
4050,15,15
4051,22,22
4052,31,31
4053,21,21
4054,9,9
4055,33,33
4056,6,6
4057,10,10
4058,1,1
4059,6,6
4060,15,15
4061,19,19
4062,22,22
4063,29,29
4064,20,20
4065,28,28
4066,30,30
4067,26,26
4068,7,7
4069,30,30
4070,10,10
4071,27,27
4072,32,32
4073,7,7
4074,30,30
4075,13,13
4076,34,34
4077,13,13
4078,2,2
4079,8,8
4080,4,4
4081,4,4
4082,19,19
4083,16,16
4084,33,33
4085,1,1
4086,1,1
4087,16,16
4088,2,2
4089,17,17
4090,29,29
4091,3,3
4092,9,9
4093,16,16
4094,19,19
4095,1,1
4096,14,14
4097,10,10
4098,0,0
4099,24,24
4100,20,20
4101,12,12
4102,2,2
4103,5,5
4104,25,25
4105,9,9
4106,19,19
4107,21,21
4108,10,10
4109,16,16
4110,29,29
4111,10,10
4112,15,15
4113,23,23
4114,21,21
4115,15,15
4116,15,15
4117,28,28
4118,29,29
4119,26,26
4120,22,22
4121,23,23
4122,4,4
4123,28,28
4124,7,7
4125,34,34
4126,34,34
4127,14,14
4128,6,6
4129,9,9
4130,8,8
4131,29,29
4132,17,17
4133,33,33
4134,19,19
4135,6,6
4136,12,12
4137,24,24
4138,17,17
4139,18,18
4140,6,6
4141,6,6
4142,8,8
4143,4,4
4144,20,20
4145,1,1
4146,0,0
4147,5,5
4148,30,30
4149,20,20
4150,18,18
4151,1,1
4152,8,8
4153,28,28
4154,18,18
4155,27,27
4156,7,7
4157,14,14
4158,30,30
4159,6,6
4160,10,10
4161,6,6
4162,30,30
4163,8,8
4164,16,16
4165,22,22
4166,19,19
4167,15,15
4168,3,3
4169,27,27
4170,19,19
4171,26,26
4172,3,3
4173,20,20
4174,7,7
4175,28,28
4176,12,12
4177,30,30
4178,26,26
4179,32,32
4180,3,3
4181,27,27
4182,29,29
4183,7,7
4184,18,18
4185,18,18
4186,8,8
4187,17,17
4188,29,29
4189,33,33
4190,26,26
4191,30,30
4192,0,0
4193,30,30
4194,18,18
4195,25,25
4196,24,24
4197,22,22
4198,16,16
4199,25,25
4200,2,2
4201,15,15
4202,8,8
4203,14,14
4204,4,4
4205,31,31
4206,7,7
4207,33,33
4208,20,20
4209,9,9
4210,18,18
4211,7,7
4212,8,8
4213,1,1
4214,32,32
4215,7,7
4216,20,20
4217,16,16
4218,29,29
4219,2,2
4220,29,29
4221,17,17
4222,18,18
4223,29,29
4224,20,20
4225,12,12
4226,29,29
4227,0,0
4228,17,17
4229,23,23
4230,9,9
4231,28,28
4232,22,22
4233,33,33
4234,0,0
4235,1,1
4236,8,8
4237,19,19
4238,26,26
4239,19,19
4240,8,8
4241,29,29
4242,6,6
4243,16,16
4244,16,16
4245,20,20
4246,0,0
4247,8,8
4248,24,24
4249,10,10
4250,32,32
4251,4,4
4252,24,24
4253,13,13
4254,24,24
4255,27,27
4256,31,31
4257,15,15
4258,34,34
4259,23,23
4260,21,21
4261,31,31
4262,8,8
4263,24,24
4264,18,18
4265,7,7
4266,18,18
4267,0,0
4268,19,19
4269,23,23
4270,13,13
4271,23,23
4272,27,27
4273,12,12
4274,22,22
4275,34,34
4276,31,31
4277,30,30
4278,10,10
4279,1,1
4280,30,30
4281,9,9
4282,22,22
4283,29,29
4284,25,25
4285,13,13
4286,18,18
4287,15,15
4288,4,4
4289,5,5
4290,30,30
4291,25,25
4292,10,10
4293,22,22
4294,22,22
4295,10,10
4296,4,4
4297,22,22
4298,7,7
4299,34,34
4300,26,26
4301,13,13
4302,13,13
4303,17,17
4304,19,19
4305,31,31
4306,26,26
4307,9,9
4308,0,0
4309,5,5
4310,1,1
4311,29,29
4312,33,33
4313,21,21
4314,34,34
4315,19,19
4316,10,10
4317,8,8
4318,24,24
4319,28,28
4320,33,33
4321,23,23
4322,18,18
4323,23,23
4324,25,25
4325,23,23
4326,12,12
4327,26,26
4328,14,14
4329,12,12
4330,2,2
4331,0,0
4332,21,21
4333,12,12
4334,15,15
4335,29,29
4336,34,34
4337,16,16
4338,7,7
4339,31,31
4340,25,25
4341,2,2
4342,20,20
4343,0,0
4344,15,15
4345,4,4
4346,15,15
4347,1,1
4348,18,18
4349,30,30
4350,27,27
4351,16,16
4352,30,30
4353,9,9
4354,10,10
4355,5,5
4356,24,24
4357,2,2
4358,22,22
4359,22,22
4360,17,17
4361,20,20
4362,3,3
4363,15,15
4364,28,28
4365,6,6
4366,16,16
4367,27,27
4368,8,8
4369,22,22
4370,10,10
4371,20,20
4372,21,21
4373,5,5
4374,30,30
4375,11,11
4376,22,22
4377,7,7
4378,34,34
4379,1,1
4380,12,12
4381,12,12
4382,33,33
4383,5,5
4384,13,13
4385,34,34
4386,27,27
4387,15,15
4388,8,8
4389,30,30
4390,11,11
4391,8,8
4392,14,14
4393,7,7
4394,18,18
4395,27,27
4396,23,23
4397,33,33
4398,31,31
4399,11,11
4400,19,19
4401,8,8
4402,23,23
4403,8,8
4404,7,7
4405,21,21
4406,22,22
4407,6,6
4408,1,1
4409,32,32
4410,9,9
4411,16,16
4412,14,14
4413,27,27
4414,13,13
4415,12,12
4416,20,20
4417,13,13
4418,27,27
4419,16,16
4420,25,25
4421,11,11
4422,32,32
4423,32,32
4424,13,13
4425,11,11
4426,31,31
4427,33,33
4428,30,30
4429,15,15
4430,29,29
4431,19,19
4432,19,19
4433,24,24
4434,25,25
4435,9,9
4436,9,9
4437,23,23
4438,22,22
4439,13,13
4440,11,11
4441,3,3
4442,11,11
4443,28,28
4444,33,33
4445,28,28
4446,2,2
4447,25,25
4448,13,13
4449,21,21
4450,32,32
4451,3,3
4452,15,15
4453,24,24
4454,2,2
4455,31,31
4456,30,30
4457,15,15
4458,20,20
4459,4,4
4460,9,9
4461,4,4
4462,25,25
4463,24,24
4464,12,12
4465,10,10
4466,33,33
4467,13,13
4468,14,14
4469,1,1
4470,4,4
4471,18,18
4472,3,3
4473,7,7
4474,15,15
4475,26,26
4476,19,19
4477,3,3
4478,22,22
4479,20,20
4480,28,28
4481,32,32
4482,10,10
4483,24,24
4484,28,28
4485,34,34
4486,9,9
4487,27,27
4488,19,19
4489,29,29
4490,25,25
4491,25,25
4492,16,16
4493,21,21
4494,28,28
4495,24,24
4496,10,10
4497,28,28
4498,14,14
4499,15,15
4500,28,28
4501,16,16
4502,12,12
4503,1,1
4504,20,20
4505,1,1
4506,29,29
4507,1,1
4508,22,22
4509,9,9
4510,14,14
4511,26,26
4512,21,21
4513,16,16
4514,21,21
4515,19,19
4516,32,32
4517,26,26
4518,14,14
4519,7,7
4520,9,9
4521,16,16
4522,32,32
4523,32,32
4524,22,22
4525,28,28
4526,31,31
4527,1,1
4528,23,23
4529,2,2
4530,0,0
4531,5,5
4532,24,24
4533,7,7
4534,0,0
4535,2,2
4536,18,18
4537,1,1
4538,2,2
4539,0,0
4540,2,2
4541,10,10
4542,17,17
4543,11,11
4544,33,33
4545,7,7
4546,29,29
4547,25,25
4548,10,10
4549,25,25
4550,18,18
4551,22,22
4552,33,33
4553,19,19
4554,29,29
4555,31,31
4556,1,1
4557,32,32
4558,32,32
4559,27,27
4560,18,18
4561,12,12
4562,6,6
4563,4,4
4564,29,29
4565,31,31
4566,30,30
4567,20,20
4568,2,2
4569,28,28
4570,8,8
4571,2,2
4572,12,12
4573,17,17
4574,14,14
4575,29,29
4576,2,2
4577,8,8
4578,27,27
4579,21,21
4580,14,14
4581,4,4
4582,32,32
4583,6,6
4584,32,32
4585,25,25
4586,5,5
4587,32,32
4588,30,30
4589,13,13
4590,19,19
4591,15,15
4592,30,30
4593,21,21
4594,8,8
4595,1,1
4596,20,20
4597,31,31
4598,33,33
4599,7,7
4600,12,12
4601,2,2
4602,32,32
4603,11,11
4604,8,8
4605,27,27
4606,26,26
4607,19,19
4608,31,31
4609,8,8
4610,17,17
4611,25,25
4612,27,27
4613,22,22
4614,19,19
4615,15,15
4616,31,31
4617,33,33
4618,20,20
4619,7,7
4620,21,21
4621,31,31
4622,29,29
4623,6,6
4624,5,5
4625,25,25
4626,7,7
4627,5,5
4628,6,6
4629,22,22
4630,26,26
4631,9,9
4632,26,26
4633,12,12
4634,28,28
4635,19,19
4636,9,9
4637,1,1
4638,28,28
4639,22,22
4640,11,11
4641,19,19
4642,6,6
4643,28,28
4644,19,19
4645,6,6
4646,12,12
4647,34,34
4648,22,22
4649,2,2
4650,2,2
4651,29,29
4652,15,15
4653,7,7
4654,34,34
4655,6,6
4656,16,16
4657,29,29
4658,26,26
4659,22,22
4660,20,20
4661,8,8
4662,25,25
4663,16,16
4664,25,25
4665,23,23
4666,23,23
4667,16,16
4668,34,34
4669,18,18
4670,29,29
4671,24,24
4672,31,31
4673,14,14
4674,32,32
4675,31,31
4676,12,12
4677,19,19
4678,27,27
4679,21,21
4680,17,17
4681,18,18
4682,5,5
4683,18,18
4684,8,8
4685,27,27
4686,18,18
4687,3,3
4688,33,33
4689,0,0
4690,33,33
4691,7,7
4692,20,20
4693,28,28
4694,13,13
4695,32,32
4696,8,8
4697,14,14
4698,9,9
4699,12,12
4700,33,33
4701,2,2
4702,14,14
4703,16,16
4704,8,8
4705,27,27
4706,25,25
4707,13,13
4708,25,25
4709,32,32
4710,22,22
4711,10,10
4712,23,23
4713,28,28
4714,13,13
4715,11,11
4716,3,3
4717,10,10
4718,12,12
4719,1,1
4720,10,10
4721,21,21
4722,33,33
4723,15,15
4724,23,23
4725,1,1
4726,8,8
4727,27,27
4728,14,14
4729,24,24
4730,15,15
4731,25,25
4732,5,5
4733,2,2
4734,31,31
4735,4,4
4736,26,26
4737,23,23
4738,6,6
4739,3,3
4740,11,11
4741,31,31
4742,33,33
4743,14,14
4744,14,14
4745,16,16
4746,22,22
4747,1,1
4748,1,1
4749,26,26
4750,24,24
4751,22,22
4752,12,12
4753,7,7
4754,15,15
4755,8,8
4756,13,13
4757,0,0
4758,29,29
4759,31,31
4760,2,2
4761,31,31
4762,14,14
4763,7,7
4764,7,7
4765,11,11
4766,21,21
4767,26,26
4768,20,20
4769,0,0
4770,31,31
4771,18,18
4772,18,18
4773,9,9
4774,26,26
4775,6,6
4776,22,22
4777,34,34
4778,0,0
4779,4,4
4780,16,16
4781,29,29
4782,11,11
4783,29,29
4784,19,19
4785,33,33
4786,15,15
4787,22,22
4788,9,9
4789,7,7
4790,34,34
4791,8,8
4792,2,2
4793,1,1
4794,25,25
4795,12,12
4796,15,15
4797,27,27
4798,22,22
4799,28,28
4800,23,23
4801,4,4
4802,21,21
4803,10,10
4804,24,24
4805,27,27
4806,2,2
4807,27,27
4808,14,14
4809,6,6
4810,5,5
4811,1,1
4812,9,9
4813,34,34
4814,22,22
4815,1,1
4816,18,18
4817,23,23
4818,16,16
4819,14,14
4820,18,18
4821,18,18
4822,33,33
4823,4,4
4824,7,7
4825,7,7
4826,21,21
4827,6,6
4828,28,28
4829,27,27
4830,29,29
4831,13,13
4832,29,29
4833,11,11
4834,18,18
4835,12,12
4836,33,33
4837,32,32
4838,22,22
4839,3,3
4840,23,23
4841,22,22
4842,6,6
4843,15,15
4844,30,30
4845,1,1
4846,1,1
4847,20,20
4848,27,27
4849,15,15
4850,6,6
4851,6,6
4852,18,18
4853,7,7
4854,4,4
4855,27,27
4856,22,22
4857,8,8
4858,3,3
4859,16,16
4860,9,9
4861,27,27
4862,8,8
4863,30,30
4864,33,33
4865,8,8
4866,19,19
4867,34,34
4868,1,1
4869,27,27
4870,8,8
4871,2,2
4872,2,2
4873,14,14
4874,29,29
4875,25,25
4876,8,8
4877,24,24
4878,3,3
4879,10,10
4880,3,3
4881,30,30
4882,33,33
4883,5,5
4884,24,24
4885,14,14
4886,27,27
4887,23,23
4888,12,12
4889,25,25
4890,10,10
4891,10,10
4892,27,27
4893,12,12
4894,2,2
4895,27,27
4896,32,32
4897,1,1
4898,13,13
4899,18,18
4900,8,8
4901,22,22
4902,17,17
4903,6,6
4904,20,20
4905,14,14
4906,25,25
4907,30,30
4908,19,19
4909,2,2
4910,19,19
4911,11,11
4912,11,11
4913,25,25
4914,4,4
4915,13,13
4916,28,28
4917,3,3
4918,5,5
4919,8,8
4920,23,23
4921,7,7
4922,22,22
4923,19,19
4924,9,9
4925,15,15
4926,18,18
4927,25,25
4928,23,23
4929,23,23
4930,11,11
4931,11,11
4932,31,31
4933,13,13
4934,25,25
4935,20,20
4936,6,6
4937,25,25
4938,4,4
4939,22,22
4940,3,3
4941,14,14
4942,23,23
4943,34,34
4944,2,2
4945,9,9
4946,26,26
4947,27,27
4948,34,34
4949,16,16
4950,19,19
4951,4,4
4952,8,8
4953,0,0
4954,29,29
4955,24,24
4956,12,12
4957,34,34
4958,29,29
4959,6,6
4960,2,2
4961,34,34
4962,17,17
4963,26,26
4964,14,14
4965,30,30
4966,30,30
4967,32,32
4968,27,27
4969,13,13
4970,5,5
4971,32,32
4972,27,27
4973,34,34
4974,10,10
4975,4,4
4976,29,29
4977,9,9
4978,24,24
4979,26,26
4980,2,2
4981,31,31
4982,31,31
4983,11,11
4984,18,18
4985,34,34
4986,23,23
4987,28,28
4988,28,28
4989,13,13
4990,30,30
4991,21,21
4992,34,34
4993,1,1
4994,10,10
4995,16,16
4996,10,10
4997,24,24
4998,27,27
4999,17,17
5000,12,12
5001,22,22
5002,21,21
5003,23,23
5004,9,9
5005,17,17
5006,27,27
5007,0,0
5008,7,7
5009,25,25
5010,17,17
5011,33,33
5012,17,17
5013,0,0
5014,16,16
5015,11,11
5016,24,24
5017,7,7
5018,30,30
5019,4,4
5020,28,28
5021,8,8
5022,10,10
5023,7,7
5024,8,8
5025,10,10
5026,5,5
5027,20,20
5028,22,22
5029,5,5
5030,30,30
5031,7,7
5032,0,0
5033,20,20
5034,18,18
5035,1,1
5036,7,7
5037,33,33
5038,32,32
5039,33,33
5040,32,32
5041,17,17
5042,4,4
5043,20,20
5044,12,12
5045,16,16
5046,32,32
5047,27,27
5048,13,13
5049,24,24
5050,4,4
5051,33,33
5052,5,5
5053,24,24
5054,25,25
5055,12,12
5056,29,29
5057,32,32
5058,7,7
5059,3,3
5060,1,1
5061,8,8
5062,12,12
5063,3,3
5064,14,14
5065,24,24
5066,25,25
5067,16,16
5068,26,26
5069,19,19
5070,32,32
5071,4,4
5072,18,18
5073,0,0
5074,6,6
5075,5,5
5076,28,28
5077,18,18
5078,10,10
5079,0,0
5080,7,7
5081,14,14
5082,14,14
5083,20,20
5084,10,10
5085,31,31
5086,17,17
5087,1,1
5088,29,29
5089,12,12
5090,13,13
5091,13,13
5092,30,30
5093,34,34
5094,11,11
5095,2,2
5096,18,18
5097,11,11
5098,32,32
5099,17,17
5100,15,15
5101,33,33
5102,29,29
5103,9,9
5104,14,14
5105,0,0
5106,1,1
5107,16,16
5108,12,12
5109,34,34
5110,17,17
5111,16,16
5112,28,28
5113,0,0
5114,22,22
5115,14,14
5116,25,25
5117,32,32
5118,24,24
5119,16,16
5120,6,6
5121,16,16
5122,20,20
5123,8,8
5124,28,28
5125,17,17
5126,15,15
5127,27,27
5128,6,6
5129,3,3
5130,17,17
5131,7,7
5132,15,15
5133,24,24
5134,8,8
5135,18,18
5136,22,22
5137,22,22
5138,11,11
5139,27,27
5140,9,9
5141,26,26
5142,17,17
5143,7,7
5144,9,9
5145,11,11
5146,23,23
5147,29,29
5148,25,25
5149,34,34
5150,11,11
5151,9,9
5152,11,11
5153,18,18
5154,4,4
5155,23,23
5156,31,31
5157,8,8
5158,14,14
5159,23,23
5160,21,21
5161,28,28
5162,26,26
5163,16,16
5164,32,32
5165,5,5
5166,23,23
5167,16,16
5168,6,6
5169,27,27
5170,19,19
5171,17,17
5172,28,28
5173,11,11
5174,1,1
5175,16,16
5176,11,11
5177,13,13
5178,5,5
5179,0,0
5180,12,12
5181,33,33
5182,26,26
5183,17,17
5184,31,31
5185,31,31
5186,32,32
5187,14,14
5188,27,27
5189,6,6
5190,24,24
5191,23,23
5192,12,12
5193,8,8
5194,2,2
5195,14,14
5196,16,16
5197,13,13
5198,5,5
5199,28,28
5200,15,15
5201,13,13
5202,23,23
5203,2,2
5204,2,2
5205,27,27
5206,13,13
5207,0,0
5208,21,21
5209,24,24
5210,1,1
5211,23,23
5212,34,34
5213,29,29
5214,13,13
5215,14,14
5216,6,6
5217,6,6
5218,21,21
5219,15,15
5220,20,20
5221,17,17
5222,16,16
5223,17,17
5224,21,21
5225,23,23
5226,31,31
5227,6,6
5228,28,28
5229,12,12
5230,14,14
5231,7,7
5232,7,7
5233,18,18
5234,4,4
5235,9,9
5236,12,12
5237,29,29
5238,3,3
5239,13,13
5240,34,34
5241,27,27
5242,29,29
5243,29,29
5244,22,22
5245,25,25
5246,24,24
5247,6,6
5248,21,21
5249,15,15
5250,16,16
5251,9,9
5252,30,30
5253,32,32
5254,9,9
5255,20,20
5256,21,21
5257,9,9
5258,27,27
5259,34,34
5260,30,30
5261,34,34
5262,15,15
5263,7,7
5264,10,10
5265,33,33
5266,5,5
5267,24,24
5268,4,4
5269,26,26
5270,20,20
5271,28,28
5272,9,9
5273,3,3
5274,2,2
5275,28,28
5276,16,16
5277,9,9
5278,30,30
5279,31,31
5280,17,17
5281,11,11
5282,7,7
5283,10,10
5284,8,8
5285,34,34
5286,1,1
5287,3,3
5288,28,28
5289,17,17
5290,5,5
5291,6,6
5292,33,33
5293,25,25
5294,0,0
5295,10,10
5296,5,5
5297,11,11
5298,5,5
5299,31,31
5300,13,13
5301,31,31
5302,18,18
5303,7,7
5304,18,18
5305,26,26
5306,0,0
5307,16,16
5308,9,9
5309,9,9
5310,22,22
5311,6,6
5312,6,6
5313,34,34
5314,7,7
5315,13,13
5316,20,20
5317,30,30
5318,16,16
5319,32,32
5320,34,34
5321,22,22
5322,34,34
5323,13,13
5324,31,31
5325,34,34
5326,15,15
5327,4,4
5328,16,16
5329,8,8
5330,25,25
5331,33,33
5332,14,14
5333,13,13
5334,25,25
5335,24,24
5336,26,26
5337,31,31
5338,7,7
5339,2,2
5340,14,14
5341,2,2
5342,15,15
5343,18,18
5344,17,17
5345,0,0
5346,5,5
5347,34,34
5348,23,23
5349,19,19
5350,34,34
5351,5,5
5352,1,1
5353,32,32
5354,3,3
5355,21,21
5356,18,18
5357,29,29
5358,32,32
5359,19,19
5360,17,17
5361,19,19
5362,27,27
5363,31,31
5364,1,1
5365,16,16
5366,2,2
5367,31,31
5368,16,16
5369,5,5
5370,2,2
5371,7,7
5372,15,15
5373,3,3
5374,26,26
5375,4,4
5376,20,20
5377,30,30
5378,11,11
5379,25,25
5380,12,12
5381,14,14
5382,19,19
5383,16,16
5384,11,11
5385,23,23
5386,15,15
5387,33,33
5388,27,27
5389,8,8
5390,13,13
5391,6,6
5392,12,12
5393,2,2
5394,10,10
5395,23,23
5396,15,15
5397,21,21
5398,29,29
5399,1,1
5400,25,25
5401,2,2
5402,0,0
5403,7,7
5404,16,16
5405,11,11
5406,32,32
5407,23,23
5408,9,9
5409,7,7
5410,1,1
5411,20,20
5412,26,26
5413,12,12
5414,9,9
5415,17,17
5416,2,2
5417,0,0
5418,17,17
5419,5,5
5420,15,15
5421,25,25
5422,34,34
5423,2,2
5424,33,33
5425,33,33
5426,25,25
5427,3,3
5428,9,9
5429,17,17
5430,32,32
5431,6,6
5432,21,21
5433,23,23
5434,5,5
5435,25,25
5436,26,26
5437,21,21
5438,33,33
5439,24,24
5440,0,0
5441,3,3
5442,29,29
5443,2,2
5444,21,21
5445,26,26
5446,30,30
5447,30,30
5448,12,12
5449,28,28
5450,1,1
5451,2,2
5452,5,5
5453,30,30
5454,31,31
5455,24,24
5456,8,8
5457,25,25
5458,9,9
5459,7,7
5460,29,29
5461,6,6
5462,7,7
5463,23,23
5464,24,24
5465,30,30
5466,20,20
5467,34,34
5468,7,7
5469,31,31
5470,10,10
5471,13,13
5472,28,28
5473,2,2
5474,5,5
5475,17,17
5476,21,21
5477,32,32
5478,3,3
5479,22,22
5480,22,22
5481,2,2
5482,17,17
5483,13,13
5484,16,16
5485,32,32
5486,2,2
5487,3,3
5488,27,27
5489,31,31
5490,33,33
5491,23,23
5492,5,5
5493,21,21
5494,0,0
5495,12,12
5496,18,18
5497,11,11
5498,9,9
5499,9,9
5500,12,12
5501,15,15
5502,5,5
5503,32,32
5504,8,8
5505,33,33
5506,9,9
5507,19,19
5508,24,24
5509,18,18
5510,1,1
5511,24,24
5512,7,7
5513,5,5
5514,23,23
5515,10,10
5516,28,28
5517,18,18
5518,14,14
5519,12,12
5520,26,26
5521,17,17
5522,5,5
5523,26,26
5524,19,19
5525,34,34
5526,1,1
5527,30,30
5528,25,25
5529,26,26
5530,20,20
5531,3,3
5532,7,7
5533,5,5
5534,29,29
5535,4,4
5536,6,6
5537,34,34
5538,2,2
5539,3,3
5540,34,34
5541,15,15
5542,3,3
5543,16,16
5544,19,19
5545,3,3
5546,6,6
5547,13,13
5548,23,23
5549,16,16
5550,22,22
5551,1,1
5552,33,33
5553,8,8
5554,19,19
5555,2,2
5556,14,14
5557,5,5
5558,28,28
5559,8,8
5560,18,18
5561,17,17
5562,32,32
5563,31,31
5564,31,31
5565,2,2
5566,26,26
5567,20,20
5568,1,1
5569,0,0
5570,33,33
5571,10,10
5572,11,11
5573,17,17
5574,19,19
5575,4,4
5576,29,29
5577,2,2
5578,2,2
5579,2,2
5580,6,6
5581,23,23
5582,4,4
5583,11,11
5584,16,16
5585,4,4
5586,32,32
5587,22,22
5588,25,25
5589,22,22
5590,25,25
5591,19,19
5592,8,8
5593,17,17
5594,13,13
5595,1,1
5596,27,27
5597,1,1
5598,27,27
5599,18,18
5600,8,8
5601,11,11
5602,19,19
5603,28,28
5604,10,10
5605,0,0
5606,5,5
5607,5,5
5608,29,29
5609,16,16
5610,27,27
5611,2,2
5612,28,28
5613,26,26
5614,6,6
5615,3,3
5616,27,27
5617,8,8
5618,23,23
5619,34,34
5620,5,5
5621,10,10
5622,4,4
5623,28,28
5624,29,29
5625,20,20
5626,26,26
5627,11,11
5628,15,15
5629,23,23
5630,31,31
5631,12,12
5632,19,19
5633,12,12
5634,3,3
5635,19,19
5636,19,19
5637,19,19
5638,14,14
5639,11,11
5640,3,3
5641,10,10
5642,24,24
5643,11,11
5644,22,22
5645,21,21
5646,6,6
5647,10,10
5648,18,18
5649,11,11
5650,16,16
5651,0,0
5652,16,16
5653,33,33
5654,18,18
5655,3,3
5656,14,14
5657,21,21
5658,11,11
5659,28,28
5660,3,3
5661,5,5
5662,26,26
5663,4,4
5664,19,19
5665,28,28
5666,3,3
5667,9,9
5668,4,4
5669,5,5
5670,17,17
5671,3,3
5672,9,9
5673,8,8
5674,23,23
5675,4,4
5676,20,20
5677,21,21
5678,24,24
5679,33,33
5680,2,2
5681,18,18
5682,27,27
5683,3,3
5684,14,14
5685,22,22
5686,18,18
5687,13,13
5688,25,25
5689,29,29
5690,34,34
5691,33,33
5692,17,17
5693,2,2
5694,9,9
5695,15,15
5696,20,20
5697,29,29
5698,2,2
5699,11,11
5700,22,22
5701,25,25
5702,10,10
5703,5,5
5704,17,17
5705,13,13
5706,13,13
5707,17,17
5708,23,23
5709,29,29
5710,16,16
5711,14,14
5712,6,6
5713,2,2
5714,14,14
5715,11,11
5716,13,13
5717,30,30
5718,2,2
5719,8,8
5720,16,16
5721,28,28
5722,6,6
5723,29,29
5724,20,20
5725,8,8
5726,7,7
5727,23,23
5728,9,9
5729,24,24
5730,25,25
5731,10,10
5732,8,8
5733,25,25
5734,18,18
5735,30,30
5736,28,28
5737,2,2
5738,12,12
5739,8,8
5740,12,12
5741,11,11
5742,2,2
5743,7,7
5744,28,28
5745,12,12
5746,3,3
5747,6,6
5748,7,7
5749,25,25
5750,7,7
5751,34,34
5752,5,5
5753,24,24
5754,13,13
5755,21,21
5756,14,14
5757,10,10
5758,17,17
5759,11,11
5760,11,11
5761,1,1
5762,13,13
5763,6,6
5764,3,3
5765,3,3
5766,17,17
5767,19,19
5768,0,0
5769,1,1
5770,21,21
5771,25,25
5772,14,14
5773,9,9
5774,2,2
5775,2,2
5776,26,26
5777,9,9
5778,23,23
5779,30,30
5780,7,7
5781,10,10
5782,13,13
5783,0,0
5784,30,30
5785,27,27
5786,8,8
5787,2,2
5788,31,31
5789,7,7
5790,20,20
5791,4,4
5792,9,9
5793,10,10
5794,24,24
5795,3,3
5796,28,28
5797,6,6
5798,1,1
5799,20,20
5800,2,2
5801,24,24
5802,25,25
5803,16,16
5804,11,11
5805,6,6
5806,26,26
5807,32,32
5808,23,23
5809,8,8
5810,28,28
5811,16,16
5812,15,15
5813,12,12
5814,25,25
5815,25,25
5816,27,27
5817,24,24
5818,30,30
5819,33,33
5820,4,4
5821,33,33
5822,31,31
5823,18,18
5824,10,10
5825,19,19
5826,1,1
5827,29,29
5828,4,4
5829,19,19
5830,21,21
5831,8,8
5832,1,1
5833,31,31
5834,28,28
5835,5,5
5836,3,3
5837,17,17
5838,24,24
5839,19,19
5840,5,5
5841,10,10
5842,8,8
5843,9,9
5844,5,5
5845,15,15
5846,11,11
5847,24,24
5848,10,10
5849,28,28
5850,29,29
5851,26,26
5852,15,15
5853,34,34
5854,14,14
5855,15,15
5856,33,33
5857,18,18
5858,25,25
5859,4,4
5860,19,19
5861,34,34
5862,4,4
5863,17,17
5864,33,33
5865,34,34
5866,10,10
5867,20,20
5868,14,14
5869,2,2
5870,26,26
5871,1,1
5872,13,13
5873,0,0
5874,12,12
5875,8,8
5876,32,32
5877,27,27
5878,1,1
5879,25,25
5880,13,13
5881,16,16
5882,10,10
5883,28,28
5884,33,33
5885,34,34
5886,2,2
5887,20,20
5888,33,33
5889,19,19
5890,31,31
5891,12,12
5892,10,10
5893,10,10
5894,21,21
5895,31,31
5896,9,9
5897,26,26
5898,24,24
5899,20,20
5900,31,31
5901,28,28
5902,27,27
5903,33,33
5904,33,33
5905,23,23
5906,17,17
5907,1,1
5908,28,28
5909,13,13
5910,0,0
5911,32,32
5912,28,28
5913,27,27
5914,2,2
5915,2,2
5916,24,24
5917,13,13
5918,17,17
5919,4,4
5920,19,19
5921,1,1
5922,16,16
5923,11,11
5924,8,8
5925,29,29
5926,25,25
5927,15,15
5928,17,17
5929,32,32
5930,31,31
5931,22,22
5932,11,11
5933,13,13
5934,17,17
5935,19,19
5936,1,1
5937,31,31
5938,21,21
5939,8,8
5940,21,21
5941,12,12
5942,18,18
5943,19,19
5944,7,7
5945,9,9
5946,11,11
5947,30,30
5948,2,2
5949,29,29
5950,16,16
5951,0,0
5952,30,30
5953,19,19
5954,11,11
5955,21,21
5956,28,28
5957,28,28
5958,15,15
5959,9,9
5960,1,1
5961,28,28
5962,23,23
5963,15,15
5964,23,23
5965,28,28
5966,17,17
5967,0,0
5968,16,16
5969,9,9
5970,25,25
5971,10,10
5972,24,24
5973,5,5
5974,20,20
5975,15,15
5976,24,24
5977,12,12
5978,3,3
5979,2,2
5980,17,17
5981,0,0
5982,29,29
5983,25,25
5984,14,14
5985,24,24
5986,27,27
5987,31,31
5988,9,9
5989,1,1
5990,14,14
5991,24,24
5992,0,0
5993,32,32
5994,31,31
5995,20,20
5996,23,23
5997,30,30
5998,18,18
5999,4,4
6000,11,11
6001,33,33
6002,3,3
6003,9,9
6004,28,28
6005,23,23
6006,27,27
6007,12,12
6008,2,2
6009,12,12
6010,34,34
6011,16,16
6012,16,16
6013,16,16
6014,13,13
6015,7,7
6016,28,28
6017,11,11
6018,32,32
6019,16,16
6020,25,25
6021,32,32
6022,31,31
6023,15,15
6024,4,4
6025,10,10
6026,30,30
6027,33,33
6028,22,22
6029,15,15
6030,10,10
6031,32,32
6032,10,10
6033,23,23
6034,14,14
6035,34,34
6036,18,18
6037,34,34
6038,9,9
6039,19,19
6040,10,10
6041,30,30
6042,5,5
6043,19,19
6044,0,0
6045,0,0
6046,14,14
6047,1,1
6048,24,24
6049,16,16
6050,14,14
6051,1,1
6052,18,18
6053,6,6
6054,0,0
6055,8,8
6056,21,21
6057,34,34
6058,9,9
6059,24,24
6060,29,29
6061,30,30
6062,34,34
6063,26,26
6064,12,12
6065,19,19
6066,25,25
6067,15,15
6068,17,17
6069,6,6
6070,32,32
6071,13,13
6072,3,3
6073,2,2
6074,2,2
6075,23,23
6076,4,4
6077,24,24
6078,2,2
6079,22,22
6080,32,32
6081,9,9
6082,0,0
6083,7,7
6084,4,4
6085,7,7
6086,33,33
6087,23,23
6088,9,9
6089,3,3
6090,23,23
6091,6,6
6092,13,13
6093,10,10
6094,20,20
6095,13,13
6096,11,11
6097,16,16
6098,26,26
6099,1,1
6100,2,2
6101,18,18
6102,8,8
6103,12,12
6104,31,31
6105,31,31
6106,6,6
6107,17,17
6108,31,31
6109,11,11
6110,12,12
6111,6,6
6112,0,0
6113,2,2
6114,11,11
6115,1,1
6116,24,24
6117,30,30
6118,9,9
6119,23,23
6120,15,15
6121,21,21
6122,12,12
6123,14,14
6124,0,0
6125,22,22
6126,26,26
6127,15,15
6128,31,31
6129,7,7
6130,12,12
6131,25,25
6132,33,33
6133,34,34
6134,25,25
6135,5,5
6136,24,24
6137,9,9
6138,1,1
6139,12,12
6140,2,2
6141,15,15
6142,4,4
6143,27,27
6144,32,32
6145,29,29
6146,14,14
6147,5,5
6148,5,5
6149,13,13
6150,23,23
6151,10,10
6152,8,8
6153,17,17
6154,22,22
6155,6,6
6156,18,18
6157,31,31
6158,32,32
6159,1,1
6160,22,22
6161,1,1
6162,0,0
6163,11,11
6164,13,13
6165,32,32
6166,23,23
6167,0,0
6168,1,1
6169,20,20
6170,20,20
6171,17,17
6172,21,21
6173,11,11
6174,8,8
6175,22,22
6176,33,33
6177,6,6
6178,15,15
6179,5,5
6180,33,33
6181,15,15
6182,20,20
6183,31,31
6184,9,9
6185,6,6
6186,15,15
6187,0,0
6188,24,24
6189,32,32
6190,5,5
6191,23,23
6192,16,16
6193,4,4
6194,17,17
6195,13,13
6196,7,7
6197,3,3
6198,16,16
6199,29,29
6200,22,22
6201,16,16
6202,24,24
6203,14,14
6204,5,5
6205,21,21
6206,24,24
6207,14,14
6208,24,24
6209,27,27
6210,24,24
6211,23,23
6212,31,31
6213,24,24
6214,17,17
6215,10,10
6216,2,2
6217,10,10
6218,8,8
6219,3,3
6220,2,2
6221,17,17
6222,2,2
6223,21,21
6224,3,3
6225,7,7
6226,6,6
6227,33,33
6228,19,19
6229,31,31
6230,33,33
6231,13,13
6232,30,30
6233,17,17
6234,11,11
6235,19,19
6236,30,30
6237,27,27
6238,20,20
6239,25,25
6240,16,16
6241,28,28
6242,10,10
6243,30,30
6244,12,12
6245,8,8
6246,7,7
6247,11,11
6248,16,16
6249,3,3
6250,27,27
6251,14,14
6252,20,20
6253,15,15
6254,21,21
6255,0,0
6256,29,29
6257,15,15
6258,5,5
6259,24,24
6260,5,5
6261,6,6
6262,31,31
6263,17,17
6264,34,34
6265,33,33
6266,6,6
6267,4,4
6268,6,6
6269,4,4
6270,14,14
6271,25,25
6272,18,18
6273,2,2
6274,27,27
6275,25,25
6276,21,21
6277,27,27
6278,25,25
6279,11,11
6280,25,25
6281,26,26
6282,29,29
6283,18,18
6284,15,15
6285,19,19
6286,25,25
6287,14,14
6288,15,15
6289,32,32
6290,2,2
6291,4,4
6292,33,33
6293,13,13
6294,2,2
6295,4,4
6296,0,0
6297,9,9
6298,26,26
6299,2,2
6300,33,33
6301,29,29
6302,30,30
6303,32,32
6304,10,10
6305,30,30
6306,23,23
6307,20,20
6308,0,0
6309,2,2
6310,12,12
6311,0,0
6312,3,3
6313,23,23
6314,29,29
6315,26,26
6316,21,21
6317,5,5
6318,21,21
6319,29,29
6320,15,15
6321,29,29
6322,30,30
6323,31,31
6324,15,15
6325,16,16
6326,32,32
6327,18,18
6328,33,33
6329,13,13
6330,14,14
6331,5,5
6332,2,2
6333,11,11
6334,9,9
6335,2,2
6336,4,4
6337,7,7
6338,33,33
6339,22,22
6340,6,6
6341,10,10
6342,5,5
6343,18,18
6344,13,13
6345,14,14
6346,22,22
6347,4,4
6348,14,14
6349,0,0
6350,26,26
6351,2,2
6352,25,25
6353,24,24
6354,9,9
6355,22,22
6356,5,5
6357,24,24
6358,19,19
6359,11,11
6360,34,34
6361,2,2
6362,27,27
6363,31,31
6364,8,8
6365,21,21
6366,31,31
6367,7,7
6368,13,13
6369,19,19
6370,24,24
6371,28,28
6372,15,15
6373,25,25
6374,1,1
6375,20,20
6376,17,17
6377,29,29
6378,2,2
6379,6,6
6380,15,15
6381,29,29
6382,23,23
6383,27,27
6384,4,4
6385,24,24
6386,33,33
6387,13,13
6388,20,20
6389,2,2
6390,5,5
6391,10,10
6392,25,25
6393,5,5
6394,33,33
6395,19,19
6396,16,16
6397,19,19
6398,30,30
6399,4,4
6400,5,5
6401,34,34
6402,29,29
6403,9,9
6404,7,7
6405,18,18
6406,20,20
6407,10,10
6408,10,10
6409,13,13
6410,1,1
6411,26,26
6412,29,29
6413,18,18
6414,28,28
6415,9,9
6416,1,1
6417,27,27
6418,0,0
6419,34,34
6420,27,27
6421,15,15
6422,30,30
6423,19,19
6424,14,14
6425,23,23
6426,0,0
6427,17,17
6428,4,4
6429,3,3
6430,32,32
6431,10,10
6432,3,3
6433,11,11
6434,2,2
6435,13,13
6436,6,6
6437,32,32
6438,4,4
6439,31,31
6440,11,11
6441,17,17
6442,33,33
6443,18,18
6444,16,16
6445,21,21
6446,23,23
6447,26,26
6448,19,19
6449,18,18
6450,11,11
6451,7,7
6452,8,8
6453,9,9
6454,14,14
6455,26,26
6456,6,6
6457,21,21
6458,23,23
6459,10,10
6460,20,20
6461,33,33
6462,0,0
6463,22,22
6464,3,3
6465,12,12
6466,26,26
6467,21,21
6468,18,18
6469,23,23
6470,25,25
6471,34,34
6472,16,16
6473,17,17
6474,1,1
6475,19,19
6476,8,8
6477,0,0
6478,13,13
6479,28,28
6480,34,34
6481,34,34
6482,0,0
6483,21,21
6484,34,34
6485,32,32
6486,3,3
6487,28,28
6488,18,18
6489,12,12
6490,27,27
6491,28,28
6492,24,24
6493,22,22
6494,20,20
6495,28,28
6496,7,7
6497,21,21
6498,32,32
6499,15,15
6500,18,18
6501,20,20
6502,30,30
6503,32,32
6504,9,9
6505,33,33
6506,8,8
6507,33,33
6508,1,1
6509,4,4
6510,19,19
6511,8,8
6512,12,12
6513,23,23
6514,31,31
6515,19,19
6516,3,3
6517,32,32
6518,17,17
6519,23,23
6520,13,13
6521,0,0
6522,30,30
6523,31,31
6524,30,30
6525,23,23
6526,27,27
6527,13,13
6528,33,33
6529,12,12
6530,28,28
6531,7,7
6532,32,32
6533,24,24
6534,25,25
6535,24,24
6536,17,17
6537,8,8
6538,1,1
6539,19,19
6540,25,25
6541,10,10
6542,0,0
6543,30,30
6544,14,14
6545,29,29
6546,32,32
6547,34,34
6548,13,13
6549,25,25
6550,28,28
6551,12,12
6552,22,22
6553,17,17
6554,11,11
6555,1,1
6556,9,9
6557,12,12
6558,27,27
6559,28,28
6560,19,19
6561,17,17
6562,30,30
6563,5,5
6564,9,9
6565,32,32
6566,1,1
6567,28,28
6568,10,10
6569,23,23
6570,8,8
6571,30,30
6572,8,8
6573,13,13
6574,21,21
6575,7,7
6576,20,20
6577,31,31
6578,20,20
6579,2,2
6580,20,20
6581,5,5
6582,2,2
6583,9,9
6584,10,10
6585,2,2
6586,18,18
6587,5,5
6588,18,18
6589,9,9
6590,12,12
6591,27,27
6592,13,13
6593,3,3
6594,17,17
6595,18,18
6596,12,12
6597,9,9
6598,31,31
6599,34,34
6600,4,4
6601,6,6
6602,13,13
6603,15,15
6604,8,8
6605,3,3
6606,16,16
6607,13,13
6608,0,0
6609,25,25
6610,5,5
6611,20,20
6612,12,12
6613,29,29
6614,8,8
6615,26,26
6616,26,26
6617,3,3
6618,18,18
6619,13,13
6620,25,25
6621,26,26
6622,10,10
6623,32,32
6624,23,23
6625,8,8
6626,16,16
6627,23,23
6628,10,10
6629,19,19
6630,21,21
6631,28,28
6632,7,7
6633,13,13
6634,15,15
6635,15,15
6636,28,28
6637,23,23
6638,7,7
6639,17,17
6640,12,12
6641,19,19
6642,26,26
6643,22,22
6644,21,21
6645,30,30
6646,2,2
6647,11,11
6648,21,21
6649,23,23
6650,15,15
6651,12,12
6652,17,17
6653,23,23
6654,29,29
6655,33,33
6656,23,23
6657,29,29
6658,9,9
6659,9,9
6660,26,26
6661,11,11
6662,30,30
6663,7,7
6664,31,31
6665,25,25
6666,27,27
6667,3,3
6668,8,8
6669,34,34
6670,4,4
6671,15,15
6672,9,9
6673,19,19
6674,33,33
6675,21,21
6676,8,8
6677,15,15
6678,28,28
6679,11,11
6680,14,14
6681,27,27
6682,12,12
6683,30,30
6684,30,30
6685,15,15
6686,26,26
6687,17,17
6688,34,34
6689,25,25
6690,3,3
6691,34,34
6692,1,1
6693,0,0
6694,2,2
6695,32,32
6696,0,0
6697,9,9
6698,13,13
6699,20,20
6700,2,2
6701,21,21
6702,17,17
6703,11,11
6704,4,4
6705,21,21
6706,17,17
6707,29,29
6708,14,14
6709,5,5
6710,34,34
6711,21,21
6712,19,19
6713,25,25
6714,20,20
6715,1,1
6716,1,1
6717,19,19
6718,2,2
6719,5,5
6720,33,33
6721,14,14
6722,11,11
6723,7,7
6724,7,7
6725,18,18
6726,6,6
6727,15,15
6728,17,17
6729,15,15
6730,34,34
6731,15,15
6732,26,26
6733,11,11
6734,28,28
6735,15,15
6736,7,7
6737,9,9
6738,26,26
6739,6,6
6740,14,14
6741,1,1
6742,18,18
6743,8,8
6744,7,7
6745,29,29
6746,25,25
6747,13,13
6748,27,27
6749,29,29
6750,22,22
6751,20,20
6752,31,31
6753,2,2
6754,12,12
6755,20,20
6756,31,31
6757,34,34
6758,6,6
6759,13,13
6760,13,13
6761,34,34
6762,10,10
6763,7,7
6764,20,20
6765,25,25
6766,22,22
6767,2,2
6768,5,5
6769,26,26
6770,22,22
6771,26,26
6772,23,23
6773,27,27
6774,10,10
6775,33,33
6776,3,3
6777,23,23
6778,28,28
6779,29,29
6780,21,21
6781,22,22
6782,33,33
6783,21,21
6784,9,9
6785,13,13
6786,16,16
6787,10,10
6788,31,31
6789,17,17
6790,28,28
6791,28,28
6792,24,24
6793,17,17
6794,24,24
6795,6,6
6796,31,31
6797,8,8
6798,9,9
6799,28,28
6800,9,9
6801,20,20
6802,30,30
6803,8,8
6804,33,33
6805,1,1
6806,27,27
6807,34,34
6808,18,18
6809,34,34
6810,0,0
6811,23,23
6812,3,3
6813,1,1
6814,4,4
6815,25,25
6816,17,17
6817,11,11
6818,21,21
6819,2,1
6820,13,13
6821,21,21
6822,26,26
6823,12,12
6824,10,10
6825,7,7
6826,5,5
6827,26,26
6828,15,15
6829,6,6
6830,8,8
6831,12,12
6832,8,8
6833,33,33
6834,31,31
6835,33,33
6836,15,15
6837,33,33
6838,31,31
6839,17,17
6840,19,19
6841,12,12
6842,34,34
6843,30,30
6844,32,32
6845,7,7
6846,12,12
6847,31,31
6848,30,30
6849,1,1
6850,1,1
6851,2,2
6852,19,19
6853,6,6
6854,13,13
6855,24,24
6856,8,8
6857,27,27
6858,1,1
6859,26,26
6860,20,20
6861,2,2
6862,21,21
6863,10,10
6864,21,21
6865,26,26
6866,21,21
6867,9,9
6868,26,26
6869,22,22
6870,16,16
6871,21,21
6872,34,34
6873,6,6
6874,8,8
6875,32,32
6876,5,5
6877,13,13
6878,24,24
6879,12,12
6880,0,0
6881,2,2
6882,29,29
6883,23,23
6884,21,21
6885,16,16
6886,27,27
6887,30,30
6888,31,31
6889,3,3
6890,6,6
6891,20,20
6892,28,28
6893,32,32
6894,9,9
6895,31,31
6896,8,8
6897,30,30
6898,29,29
6899,20,20
6900,24,24
6901,24,24
6902,33,33
6903,5,5
6904,32,32
6905,13,13
6906,34,34
6907,26,26
6908,23,23
6909,9,9
6910,5,5
6911,34,34
6912,24,24
6913,28,28
6914,27,27
6915,15,15
6916,31,31
6917,22,22
6918,27,27
6919,25,25
6920,20,20
6921,18,18
6922,23,23
6923,12,12
6924,14,14
6925,33,33
6926,30,30
6927,28,28
6928,15,15
6929,0,0
6930,5,5
6931,4,4
6932,13,13
6933,9,9
6934,25,25
6935,22,22
6936,10,10
6937,19,19
6938,20,20
6939,23,23
6940,33,33
6941,28,28
6942,9,9
6943,15,15
6944,14,14
6945,13,13
6946,4,4
6947,27,27
6948,21,21
6949,1,1
6950,11,11
6951,13,13
6952,33,33
6953,31,31
6954,9,9
6955,32,32
6956,12,12
6957,0,0
6958,9,9
6959,30,30
6960,14,14
6961,19,19
6962,27,27
6963,2,2
6964,16,16
6965,25,25
6966,13,13
6967,34,34
6968,0,0
6969,27,27
6970,11,11
6971,30,30
6972,26,26
6973,15,15
6974,24,24
6975,18,18
6976,21,21
6977,10,10
6978,31,31
6979,0,0
6980,20,20
6981,1,1
6982,2,2
6983,12,12
6984,10,10
6985,16,16
6986,20,20
6987,21,21
6988,1,1
6989,33,33
6990,11,11
6991,25,25
6992,10,10
6993,14,14
6994,27,27
6995,23,23
6996,16,16
6997,14,14
6998,33,33
6999,18,18
7000,17,17
7001,22,22
7002,2,2
7003,12,12
7004,10,10
7005,30,30
7006,3,3
7007,21,21
7008,0,0
7009,15,15
7010,31,31
7011,0,0
7012,14,14
7013,24,24
7014,3,3
7015,13,13
7016,23,23
7017,33,33
7018,4,4
7019,32,32
7020,13,13
7021,30,30
7022,3,3
7023,18,18
7024,15,15
7025,15,15
7026,34,34
7027,30,30
7028,21,21
7029,10,10
7030,33,33
7031,4,4
7032,8,8
7033,1,1
7034,15,15
7035,22,22
7036,23,23
7037,7,7
7038,1,1
7039,20,20
7040,10,10
7041,33,33
7042,1,1
7043,30,30
7044,0,0
7045,29,29
7046,27,27
7047,12,12
7048,22,22
7049,6,6
7050,5,5
7051,23,23
7052,34,34
7053,32,32
7054,1,1
7055,16,16
7056,29,29
7057,11,11
7058,4,4
7059,15,15
7060,26,26
7061,30,30
7062,9,9
7063,18,18
7064,28,28
7065,0,0
7066,1,1
7067,6,6
7068,31,31
7069,4,4
7070,14,14
7071,6,6
7072,16,16
7073,10,10
7074,20,20
7075,0,0
7076,11,11
7077,31,31
7078,5,5
7079,10,10
7080,5,5
7081,15,15
7082,12,12
7083,34,34
7084,34,34
7085,20,20
7086,14,14
7087,26,26
7088,27,27
7089,16,16
7090,10,10
7091,28,28
7092,27,27
7093,0,0
7094,18,18
7095,32,32
7096,7,7
7097,25,25
7098,8,8
7099,1,1
7100,8,8
7101,3,3
7102,19,19
7103,19,19
7104,6,6
7105,14,14
7106,14,14
7107,28,28
7108,33,33
7109,3,3
7110,11,11
7111,1,1
7112,21,21
7113,33,33
7114,9,9
7115,18,18
7116,25,25
7117,23,23
7118,9,9
7119,18,18
7120,14,14
7121,14,14
7122,30,30
7123,8,8
7124,6,6
7125,28,28
7126,11,11
7127,0,0
7128,26,26
7129,22,22
7130,0,0
7131,21,21
7132,3,3
7133,25,25
7134,8,8
7135,23,23
7136,32,32
7137,10,10
7138,30,30
7139,17,17
7140,31,31
7141,6,6
7142,0,0
7143,27,27
7144,17,17
7145,14,14
7146,12,12
7147,22,22
7148,18,18
7149,21,21
7150,16,16
7151,14,14
7152,15,15
7153,9,9
7154,6,6
7155,1,1
7156,26,26
7157,18,18
7158,19,19
7159,23,23
7160,21,21
7161,29,29
7162,14,14
7163,26,26
7164,21,21
7165,23,23
7166,30,30
7167,20,20
7168,2,2
7169,27,27
7170,3,3
7171,0,0
7172,22,22
7173,32,32
7174,15,15
7175,2,2
7176,6,6
7177,12,12
7178,9,9
7179,15,15
7180,16,16
7181,22,22
7182,1,1
7183,31,31
7184,18,18
7185,32,32
7186,23,23
7187,24,24
7188,33,33
7189,24,24
7190,13,13
7191,25,25
7192,24,24
7193,25,25
7194,13,13
7195,8,8
7196,11,11
7197,21,21
7198,11,11
7199,24,24
7200,4,4
7201,28,28
7202,25,25
7203,26,26
7204,11,11
7205,23,23
7206,3,3
7207,18,18
7208,27,27
7209,31,31
7210,29,29
7211,17,17
7212,17,17
7213,2,2
7214,17,17
7215,0,0
7216,14,14
7217,13,13
7218,28,28
7219,5,5
7220,32,32
7221,15,15
7222,30,30
7223,13,13
7224,14,14
7225,19,19
7226,21,21
7227,31,31
7228,9,9
7229,2,2
7230,34,34
7231,10,10
7232,10,10
7233,9,9
7234,30,30
7235,26,26
7236,19,19
7237,31,31
7238,2,2
7239,11,11
7240,2,2
7241,1,1
7242,15,15
7243,3,3
7244,3,3
7245,5,5
7246,26,26
7247,12,12
7248,17,17
7249,21,21
7250,14,14
7251,0,0
7252,30,30
7253,31,31
7254,5,5
7255,9,9
7256,2,2
7257,29,29
7258,22,22
7259,6,6
7260,14,14
7261,33,33
7262,29,29
7263,25,25
7264,33,33
7265,22,22
7266,20,20
7267,24,24
7268,24,24
7269,16,16
7270,6,6
7271,13,13
7272,18,18
7273,17,17
7274,9,9
7275,33,33
7276,30,30
7277,13,13
7278,32,32
7279,20,20
7280,24,24
7281,10,10
7282,30,30
7283,5,5
7284,30,30
7285,18,18
7286,11,11
7287,27,27
7288,26,26
7289,22,22
7290,28,28
7291,15,15
7292,15,15
7293,8,8
7294,31,31
7295,28,28
7296,5,5
7297,34,34
7298,7,7
7299,33,33
7300,5,5
7301,32,32
7302,16,16
7303,14,14
7304,15,15
7305,31,31
7306,12,12
7307,19,19
7308,5,5
7309,4,4
7310,15,15
7311,15,15
7312,10,10
7313,31,31
7314,22,22
7315,8,8
7316,8,8
7317,19,19
7318,1,1
7319,23,23
7320,27,27
7321,29,29
7322,4,4
7323,27,27
7324,6,6
7325,18,18
7326,7,7
7327,3,3
7328,15,15
7329,13,13
7330,5,5
7331,24,24
7332,27,27
7333,32,32
7334,7,7
7335,3,3
7336,7,7
7337,17,17
7338,15,15
7339,10,10
7340,12,12
7341,12,12
7342,18,18
7343,33,33
7344,8,8
7345,22,22
7346,22,22
7347,17,17
7348,32,32
7349,18,18
7350,7,7
7351,26,26
7352,30,30
7353,7,7
7354,19,19
7355,16,16
7356,17,17
7357,34,34
7358,26,26
7359,4,4
7360,21,21
7361,28,28
7362,11,11
7363,33,33
7364,14,14
7365,4,4
7366,16,16
7367,34,34
7368,5,5
7369,26,26
7370,4,4
7371,23,23
7372,24,24
7373,8,8
7374,29,29
7375,18,18
7376,13,13
7377,0,0
7378,9,9
7379,26,26
7380,0,0
7381,32,32
7382,33,33
7383,30,30
7384,15,15
7385,31,31
7386,13,13
7387,23,23
7388,30,30
7389,3,3
7390,17,17
7391,28,28
7392,30,30
7393,33,33
7394,6,6
7395,30,30
7396,28,28
7397,11,11
7398,33,33
7399,28,28
7400,8,8
7401,25,25
7402,4,4
7403,17,17
7404,9,9
7405,8,8
7406,29,29
7407,8,8
7408,2,2
7409,9,9
7410,16,16
7411,21,21
7412,14,14
7413,28,28
7414,5,5
7415,6,6
7416,5,5
7417,25,25
7418,32,32
7419,10,10
7420,23,23
7421,6,6
7422,34,34
7423,20,20
7424,31,31
7425,19,19
7426,20,20
7427,17,17
7428,28,28
7429,21,21
7430,3,3
7431,8,8
7432,21,21
7433,4,4
7434,30,30
7435,16,16
7436,10,10
7437,23,23
7438,32,32
7439,5,5
7440,26,26
7441,19,19
7442,27,27
7443,31,31
7444,18,18
7445,11,11
7446,2,2
7447,16,16
7448,13,13
7449,22,22
7450,18,18
7451,4,4
7452,5,5
7453,9,9
7454,17,17
7455,26,26
7456,29,29
7457,20,20
7458,22,22
7459,7,7
7460,11,11
7461,0,0
7462,26,26
7463,21,21
7464,14,14
7465,6,6
7466,25,25
7467,22,22
7468,9,9
7469,19,19
7470,27,27
7471,18,18
7472,12,12
7473,27,27
7474,12,12
7475,18,18
7476,22,22
7477,28,28
7478,30,30
7479,28,28
7480,20,20
7481,24,24
7482,6,6
7483,17,17
7484,4,4
7485,26,26
7486,33,33
7487,24,24
7488,15,15
7489,14,14
7490,18,18
7491,15,15
7492,25,25
7493,16,16
7494,15,15
7495,19,19
7496,21,21
7497,4,4
7498,21,21
7499,14,14
7500,30,30
7501,32,32
7502,11,11
7503,9,9
7504,25,25
7505,22,22
7506,28,28
7507,15,15
7508,0,0
7509,30,30
7510,10,10
7511,9,9
7512,11,11
7513,8,8
7514,12,12
7515,34,34
7516,23,23
7517,5,5
7518,20,20
7519,23,23
7520,16,16
7521,7,7
7522,2,2
7523,2,2
7524,10,10
7525,29,29
7526,14,14
7527,29,29
7528,16,16
7529,29,29
7530,6,6
7531,30,30
7532,19,19
7533,9,9
7534,33,33
7535,31,31
7536,18,18
7537,17,17
7538,26,26
7539,7,7
7540,0,0
7541,24,24
7542,27,27
7543,25,25
7544,21,21
7545,21,21
7546,15,15
7547,11,11
7548,19,19
7549,22,22
7550,5,5
7551,22,22
7552,7,7
7553,14,14
7554,12,12
7555,31,31
7556,25,25
7557,14,14
7558,31,31
7559,31,31
7560,9,9
7561,19,19
7562,26,26
7563,1,1
7564,20,20
7565,10,10
7566,17,17
7567,4,4
7568,13,13
7569,20,20
7570,18,18
7571,17,17
7572,7,7
7573,6,6
7574,34,34
7575,23,23
7576,24,24
7577,10,10
7578,5,5
7579,31,31
7580,1,1
7581,33,33
7582,17,17
7583,31,31
7584,9,9
7585,7,7
7586,0,0
7587,33,33
7588,14,14
7589,14,14
7590,3,3
7591,18,18
7592,24,24
7593,3,3
7594,16,16
7595,29,29
7596,0,0
7597,16,16
7598,26,26
7599,27,27
7600,2,2
7601,6,6
7602,26,26
7603,15,15
7604,15,15
7605,26,26
7606,32,32
7607,31,31
7608,22,22
7609,21,21
7610,33,33
7611,1,1
7612,11,11
7613,12,12
7614,33,33
7615,29,29
7616,11,11
7617,31,31
7618,33,33
7619,16,16
7620,23,23
7621,30,30
7622,29,29
7623,3,3
7624,3,3
7625,0,0
7626,24,24
7627,27,27
7628,22,22
7629,12,12
7630,25,25
7631,7,7
7632,24,24
7633,9,9
7634,10,10
7635,22,22
7636,1,1
7637,13,13
7638,7,7
7639,8,8
7640,16,16
7641,9,9
7642,18,18
7643,14,14
7644,10,10
7645,7,7
7646,15,15
7647,26,26
7648,26,26
7649,14,14
7650,10,10
7651,25,25
7652,29,29
7653,33,33
7654,4,4
7655,34,34
7656,31,31
7657,32,32
7658,20,20
7659,22,22
7660,26,26
7661,23,23
7662,25,25
7663,17,17
7664,34,34
7665,7,7
7666,19,19
7667,34,34
7668,23,23
7669,30,30
7670,5,5
7671,31,31
7672,1,1
7673,19,19
7674,31,31
7675,28,28
7676,32,32
7677,28,28
7678,16,16
7679,30,30
7680,8,8
7681,20,20
7682,27,27
7683,8,8
7684,28,28
7685,32,32
7686,13,13
7687,17,17
7688,20,20
7689,28,28
7690,12,12
7691,14,14
7692,2,2
7693,30,30
7694,33,33
7695,26,26
7696,18,18
7697,13,13
7698,28,28
7699,2,2
7700,4,4
7701,23,23
7702,21,21
7703,11,11
7704,33,33
7705,0,0
7706,23,23
7707,29,29
7708,33,33
7709,11,11
7710,9,9
7711,15,15
7712,11,11
7713,3,3
7714,6,6
7715,5,5
7716,15,15
7717,21,21
7718,25,25
7719,21,21
7720,17,17
7721,31,31
7722,18,18
7723,21,21
7724,25,25
7725,4,4
7726,10,10
7727,5,5
7728,10,10
7729,19,19
7730,17,17
7731,19,19
7732,8,8
7733,0,0
7734,11,11
7735,16,16
7736,9,9
7737,8,8
7738,14,14
7739,13,13
7740,26,26
7741,28,28
7742,0,0
7743,15,15
7744,7,7
7745,8,8
7746,34,34
7747,32,32
7748,4,4
7749,26,26
7750,2,2
7751,0,0
7752,20,20
7753,5,5
7754,12,12
7755,11,11
7756,32,32
7757,24,24
7758,9,9
7759,25,25
7760,3,3
7761,24,24
7762,10,10
7763,15,15
7764,6,6
7765,26,26
7766,9,9
7767,7,7
7768,29,29
7769,2,2
7770,34,34
7771,30,30
7772,13,13
7773,23,23
7774,30,30
7775,6,6
7776,20,20
7777,25,25
7778,28,28
7779,2,2
7780,25,25
7781,4,4
7782,9,9
7783,9,9
7784,17,17
7785,20,20
7786,12,12
7787,23,23
7788,2,2
7789,14,14
7790,13,13
7791,16,16
7792,18,18
7793,29,29
7794,25,25
7795,24,24
7796,14,14
7797,34,34
7798,33,33
7799,32,32
7800,31,31
7801,34,34
7802,24,24
7803,20,20
7804,15,15
7805,11,11
7806,16,16
7807,14,14
7808,24,24
7809,9,9
7810,28,28
7811,8,8
7812,32,32
7813,22,22
7814,14,14
7815,30,30
7816,13,13
7817,17,17
7818,7,7
7819,9,9
7820,28,28
7821,33,33
7822,15,15
7823,32,32
7824,14,14
7825,22,22
7826,29,29
7827,34,34
7828,8,8
7829,28,28
7830,12,12
7831,4,4
7832,0,0
7833,23,23
7834,11,11
7835,29,29
7836,5,5
7837,23,23
7838,1,1
7839,23,23
7840,27,27
7841,4,4
7842,6,6
7843,1,1
7844,19,19
7845,8,8
7846,6,6
7847,22,22
7848,6,6
7849,12,12
7850,12,12
7851,0,0
7852,26,26
7853,26,26
7854,13,13
7855,30,30
7856,19,19
7857,3,3
7858,18,18
7859,28,28
7860,12,12
7861,33,33
7862,4,4
7863,29,29
7864,29,29
7865,21,21
7866,27,27
7867,26,26
7868,30,30
7869,29,29
7870,10,10
7871,26,26
7872,25,25
7873,13,13
7874,16,16
7875,17,17
7876,29,29
7877,18,18
7878,25,25
7879,10,10
7880,14,14
7881,0,0
7882,12,12
7883,27,27
7884,17,17
7885,18,18
7886,21,21
7887,19,19
7888,30,30
7889,26,26
7890,14,14
7891,13,13
7892,33,33
7893,3,3
7894,13,13
7895,22,22
7896,14,14
7897,15,15
7898,34,34
7899,31,31
7900,9,9
7901,31,31
7902,11,11
7903,34,34
7904,33,33
7905,30,30
7906,3,3
7907,18,18
7908,34,34
7909,25,25
7910,25,25
7911,12,12
7912,7,7
7913,9,9
7914,5,5
7915,14,14
7916,18,18
7917,28,28
7918,6,6
7919,6,6
7920,13,13
7921,6,6
7922,7,7
7923,15,15
7924,10,10
7925,12,12
7926,4,4
7927,13,13
7928,27,27
7929,15,15
7930,0,0
7931,31,31
7932,24,24
7933,25,25
7934,33,33
7935,15,15
7936,11,11
7937,12,12
7938,6,6
7939,9,9
7940,24,24
7941,21,21
7942,7,7
7943,28,28
7944,25,25
7945,19,19
7946,7,7
7947,10,10
7948,4,4
7949,29,29
7950,23,23
7951,32,32
7952,18,18
7953,34,34
7954,26,26
7955,29,29
7956,19,19
7957,24,24
7958,18,18
7959,3,3
7960,4,4
7961,23,23
7962,16,16
7963,18,18
7964,33,33
7965,13,13
7966,20,20
7967,13,13
7968,19,19
7969,12,12
7970,24,24
7971,32,32
7972,23,23
7973,22,22
7974,34,34
7975,24,24
7976,6,6
7977,15,15
7978,3,3
7979,15,15
7980,23,23
7981,29,29
7982,32,32
7983,31,31
7984,10,10
7985,25,25
7986,10,10
7987,32,32
7988,20,20
7989,29,29
7990,24,24
7991,6,6
7992,28,28
7993,2,2
7994,18,18
7995,1,1
7996,33,33
7997,7,7
7998,28,28
7999,26,26
8000,25,25
8001,34,34
8002,28,28
8003,30,30
8004,28,28
8005,28,28
8006,27,27
8007,32,32
8008,9,9
8009,10,10
8010,14,14
8011,15,15
8012,14,14
8013,4,4
8014,23,23
8015,24,24
8016,4,4
8017,8,8
8018,3,3
8019,0,0
8020,4,4
8021,2,2
8022,12,12
8023,16,16
8024,28,28
8025,4,4
8026,23,23
8027,27,27
8028,16,16
8029,25,25
8030,26,26
8031,13,13
8032,32,32
8033,11,11
8034,7,7
8035,5,5
8036,3,3
8037,1,1
8038,10,10
8039,11,11
8040,22,22
8041,24,24
8042,34,34
8043,11,11
8044,32,32
8045,7,7
8046,9,9
8047,17,17
8048,27,27
8049,12,12
8050,4,4
8051,19,19
8052,24,24
8053,7,7
8054,18,18
8055,8,8
8056,29,29
8057,20,20
8058,16,16
8059,23,23
8060,11,11
8061,11,11
8062,2,2
8063,3,3
8064,22,22
8065,9,9
8066,16,16
8067,11,11
8068,23,23
8069,34,34
8070,2,2
8071,0,0
8072,22,22
8073,19,19
8074,31,31
8075,13,13
8076,21,21
8077,10,10
8078,2,2
8079,34,34
8080,33,33
8081,13,13
8082,7,7
8083,32,32
8084,20,20
8085,23,23
8086,15,15
8087,28,28
8088,22,22
8089,11,11
8090,24,24
8091,9,9
8092,19,19
8093,10,10
8094,25,25
8095,21,21
8096,1,1
8097,0,0
8098,26,26
8099,8,8
8100,9,9
8101,2,2
8102,8,8
8103,8,8
8104,8,8
8105,20,20
8106,2,2
8107,27,27
8108,23,23
8109,27,27
8110,29,29
8111,30,30
8112,26,26
8113,20,20
8114,9,9
8115,11,11
8116,32,32
8117,34,34
8118,0,0
8119,25,25
8120,22,22
8121,5,5
8122,4,4
8123,8,8
8124,19,19
8125,8,8
8126,2,2
8127,17,17
8128,31,31
8129,13,13
8130,25,25
8131,17,17
8132,15,15
8133,1,1
8134,2,2
8135,22,22
8136,5,5
8137,10,10
8138,9,9
8139,17,17
8140,16,16
8141,4,4
8142,9,9
8143,31,31
8144,1,1
8145,25,25
8146,31,31
8147,0,0
8148,33,33
8149,11,11
8150,16,16
8151,27,27
8152,0,0
8153,28,28
8154,19,19
8155,21,21
8156,23,23
8157,14,14
8158,30,30
8159,3,3
8160,18,18
8161,3,3
8162,15,15
8163,19,19
8164,31,31
8165,0,0
8166,31,31
8167,18,18
8168,5,5
8169,13,13
8170,29,29
8171,20,20
8172,12,12
8173,24,24
8174,29,29
8175,1,1
8176,3,3
8177,2,2
8178,22,22
8179,23,23
8180,20,20
8181,19,19
8182,15,15
8183,12,12
8184,7,7
8185,31,31
8186,30,30
8187,9,9
8188,7,7
8189,13,13
8190,13,13
8191,29,29
8192,4,4
8193,6,6
8194,1,1
8195,5,5
8196,33,33
8197,10,10
8198,23,23
8199,3,3
8200,13,13
8201,7,7
8202,20,20
8203,5,5
8204,7,7
8205,22,22
8206,15,15
8207,24,24
8208,7,7
8209,28,28
8210,17,17
8211,9,9
8212,5,5
8213,29,29
8214,13,13
8215,6,6
8216,9,9
8217,16,16
8218,28,28
8219,13,13
8220,32,32
8221,14,14
8222,14,14
8223,33,33
8224,8,8
8225,24,24
8226,23,23
8227,30,30
8228,30,30
8229,2,2
8230,10,10
8231,15,15
8232,20,20
8233,15,15
8234,29,29
8235,26,26
8236,19,19
8237,5,5
8238,13,13
8239,26,26
8240,31,31
8241,17,17
8242,14,14
8243,32,32
8244,5,5
8245,2,2
8246,9,9
8247,10,10
8248,30,30
8249,30,30
8250,27,27
8251,2,2
8252,30,30
8253,31,31
8254,27,27
8255,25,25
8256,14,14
8257,20,20
8258,13,13
8259,34,34
8260,13,13
8261,23,23
8262,34,34
8263,25,25
8264,30,30
8265,23,23
8266,29,29
8267,14,14
8268,2,2
8269,29,29
8270,3,3
8271,9,9
8272,0,0
8273,16,16
8274,28,28
8275,14,14
8276,28,28
8277,25,25
8278,3,3
8279,8,8
8280,10,10
8281,10,10
8282,30,30
8283,20,20
8284,30,30
8285,1,1
8286,9,9
8287,29,29
8288,12,12
8289,15,15
8290,22,22
8291,2,2
8292,7,7
8293,16,16
8294,7,7
8295,3,3
8296,0,0
8297,29,29
8298,27,27
8299,8,8
8300,4,4
8301,23,23
8302,19,19
8303,17,17
8304,28,28
8305,22,22
8306,1,1
8307,15,15
8308,21,21
8309,33,33
8310,19,19
8311,26,26
8312,29,29
8313,16,16
8314,34,34
8315,13,13
8316,21,21
8317,33,33
8318,23,23
8319,0,0
8320,17,17
8321,0,0
8322,3,3
8323,20,20
8324,8,8
8325,5,5
8326,0,0
8327,13,13
8328,10,10
8329,16,16
8330,18,18
8331,28,28
8332,33,33
8333,8,8
8334,5,5
8335,4,4
8336,31,31
8337,32,32
8338,17,17
8339,31,31
8340,22,22
8341,29,29
8342,0,0
8343,25,25
8344,30,30
8345,25,25
8346,0,0
8347,18,18
8348,26,26
8349,30,30
8350,30,30
8351,24,24
8352,7,7
8353,33,33
8354,24,24
8355,14,14
8356,12,12
8357,18,18
8358,20,20
8359,18,18
8360,17,17
8361,34,34
8362,11,11
8363,17,17
8364,27,27
8365,16,16
8366,14,14
8367,28,28
8368,4,4
8369,1,1
8370,25,25
8371,22,22
8372,5,5
8373,20,20
8374,23,23
8375,3,3
8376,19,19
8377,21,21
8378,20,20
8379,15,15
8380,14,14
8381,31,31
8382,9,9
8383,18,18
8384,4,4
8385,32,32
8386,23,23
8387,19,19
8388,27,27
8389,26,26
8390,29,29
8391,28,28
8392,17,17
8393,11,11
8394,17,17
8395,13,13
8396,1,1
8397,16,16
8398,16,16
8399,8,8
8400,2,2
